Date,RF
19260702,0.0006
19260710,0.0006
19260717,0.0006
19260724,0.0006
19260731,0.0006
19260807,0.0006
19260814,0.0006
19260821,0.0006
19260828,0.0006
19260903,0.0006
19260911,0.0006
19260918,0.0006
19260925,0.0006
19261002,0.0008
19261009,0.0008
19261016,0.0008
19261023,0.0008
19261030,0.0008
19261106,0.0008
19261113,0.0008
19261120,0.0008
19261127,0.0008
19261204,0.0007
19261211,0.0007
19261218,0.0007
19261224,0.0007
19261231,0.0007
19270108,0.0006
19270115,0.0006
19270122,0.0006
19270129,0.0006
19270205,0.0006
19270211,0.0006
19270219,0.0006
19270226,0.0006
19270305,0.0007
19270312,0.0007
19270319,0.0007
19270326,0.0007
19270402,0.0006
19270409,0.0006
19270416,0.0006
19270423,0.0006
19270430,0.0006
19270507,0.0008
19270514,0.0008
19270521,0.0008
19270528,0.0008
19270604,0.0006
19270611,0.0006
19270618,0.0006
19270625,0.0006
19270702,0.0007
19270709,0.0007
19270716,0.0007
19270723,0.0007
19270730,0.0007
19270806,0.0007
19270813,0.0007
19270820,0.0007
19270827,0.0007
19270903,0.0005
19270910,0.0005
19270917,0.0005
19270924,0.0005
19271001,0.0006
19271008,0.0006
19271015,0.0006
19271022,0.0006
19271029,0.0006
19271105,0.0005
19271112,0.0005
19271119,0.0005
19271126,0.0005
19271203,0.0006
19271210,0.0006
19271217,0.0006
19271224,0.0006
19271231,0.0006
19280107,0.0006
19280114,0.0006
19280121,0.0006
19280128,0.0006
19280204,0.0008
19280211,0.0008
19280218,0.0008
19280225,0.0008
19280303,0.0007
19280310,0.0007
19280317,0.0007
19280324,0.0007
19280331,0.0007
19280405,0.0006
19280414,0.0006
19280420,0.0006
19280428,0.0006
19280504,0.0008
19280511,0.0008
19280518,0.0008
19280525,0.0008
19280602,0.0008
19280609,0.0008
19280616,0.0008
19280623,0.0008
19280630,0.0008
19280707,0.0008
19280714,0.0008
19280721,0.0008
19280728,0.0008
19280804,0.0008
19280811,0.0008
19280818,0.0008
19280825,0.0008
19280901,0.0007
19280908,0.0007
19280915,0.0007
19280922,0.0007
19280929,0.0007
19281006,0.001
19281013,0.001
19281020,0.001
19281027,0.001
19281103,0.001
19281110,0.001
19281117,0.001
19281123,0.001
19281201,0.0001
19281208,0.0001
19281215,0.0001
19281222,0.0001
19281229,0.0001
19290105,0.0009
19290112,0.0009
19290119,0.0009
19290126,0.0009
19290202,0.0009
19290208,0.0009
19290216,0.0009
19290221,0.0009
19290302,0.0009
19290309,0.0009
19290316,0.0009
19290323,0.0009
19290328,0.0009
19290406,0.0009
19290413,0.0009
19290420,0.0009
19290427,0.0009
19290504,0.0011
19290511,0.0011
19290518,0.0011
19290525,0.0011
19290601,0.0013
19290608,0.0013
19290615,0.0013
19290622,0.0013
19290629,0.0013
19290706,0.0008
19290713,0.0008
19290720,0.0008
19290727,0.0008
19290803,0.001
19290810,0.001
19290817,0.001
19290824,0.001
19290830,0.001
19290907,0.0009
19290914,0.0009
19290921,0.0009
19290928,0.0009
19291005,0.0011
19291011,0.0011
19291019,0.0011
19291026,0.0011
19291031,0.0011
19291108,0.0009
19291115,0.0009
19291122,0.0009
19291127,0.0009
19291207,0.0009
19291214,0.0009
19291221,0.0009
19291228,0.0009
19300104,0.0003
19300111,0.0003
19300118,0.0003
19300125,0.0003
19300201,0.0007
19300208,0.0007
19300215,0.0007
19300221,0.0007
19300301,0.0009
19300308,0.0009
19300315,0.0009
19300322,0.0009
19300329,0.0009
19300405,0.0005
19300412,0.0005
19300417,0.0005
19300426,0.0005
19300503,0.0006
19300510,0.0006
19300517,0.0006
19300524,0.0006
19300529,0.0006
19300607,0.0007
19300614,0.0007
19300621,0.0007
19300628,0.0007
19300703,0.0005
19300712,0.0005
19300719,0.0005
19300726,0.0005
19300802,0.0002
19300809,0.0002
19300816,0.0002
19300823,0.0002
19300829,0.0002
19300906,0.0005
19300913,0.0005
19300920,0.0005
19300927,0.0005
19301004,0.0002
19301011,0.0002
19301018,0.0002
19301025,0.0002
19301101,0.0003
19301108,0.0003
19301115,0.0003
19301122,0.0003
19301129,0.0003
19301206,0.0003
19301213,0.0003
19301220,0.0003
19301227,0.0003
19310103,0.0004
19310110,0.0004
19310117,0.0004
19310124,0.0004
19310131,0.0004
19310207,0.0001
19310214,0.0001
19310221,0.0001
19310228,0.0001
19310307,0.0003
19310314,0.0003
19310321,0.0003
19310328,0.0003
19310404,0.0002
19310411,0.0002
19310418,0.0002
19310425,0.0002
19310502,0.0002
19310509,0.0002
19310516,0.0002
19310523,0.0002
19310529,0.0002
19310606,0.0002
19310613,0.0002
19310620,0.0002
19310627,0.0002
19310703,0.0001
19310711,0.0001
19310718,0.0001
19310725,0.0001
19310801,0.0001
19310808,0.0001
19310815,0.0001
19310822,0.0001
19310829,0.0001
19310904,0.0001
19310912,0.0001
19310919,0.0001
19310926,0.0001
19311003,0.0003
19311010,0.0003
19311017,0.0003
19311024,0.0003
19311031,0.0003
19311107,0.0004
19311114,0.0004
19311121,0.0004
19311128,0.0004
19311205,0.0003
19311212,0.0003
19311219,0.0003
19311224,0.0003
19320102,0.0006
19320109,0.0006
19320116,0.0006
19320123,0.0006
19320130,0.0006
19320206,0.0006
19320213,0.0006
19320220,0.0006
19320227,0.0006
19320305,0.0004
19320312,0.0004
19320319,0.0004
19320326,0.0004
19320402,0.0003
19320409,0.0003
19320416,0.0003
19320423,0.0003
19320430,0.0003
19320507,0.0002
19320514,0.0002
19320521,0.0002
19320528,0.0002
19320604,0.0001
19320611,0.0001
19320618,0.0001
19320625,0.0001
19320701,0.0001
19320709,0.0001
19320716,0.0001
19320723,0.0001
19320730,0.0001
19320806,0.0001
19320813,0.0001
19320820,0.0001
19320827,0.0001
19320903,0.0001
19320910,0.0001
19320917,0.0001
19320924,0.0001
19321001,0
19321008,0
19321015,0
19321022,0
19321029,0
19321105,0
19321112,0
19321119,0
19321126,0
19321203,0
19321210,0
19321217,0
19321224,0
19321231,0
19330106,0
19330114,0
19330121,0
19330128,0
19330204,-0.0001
19330211,-0.0001
19330218,-0.0001
19330225,-0.0001
19330303,0.0001
19330318,0.0001
19330325,0.0001
19330401,0.0002
19330408,0.0002
19330415,0.0002
19330422,0.0002
19330429,0.0002
19330506,0.0001
19330513,0.0001
19330520,0.0001
19330527,0.0001
19330603,0.0001
19330610,0.0001
19330617,0.0001
19330624,0.0001
19330701,0
19330708,0
19330715,0
19330722,0
19330728,0
19330804,0.0001
19330811,0.0001
19330818,0.0001
19330825,0.0001
19330901,0
19330909,0
19330916,0
19330923,0
19330930,0
19331007,0
19331014,0
19331021,0
19331028,0
19331104,0
19331111,0
19331118,0
19331125,0
19331202,0.0001
19331209,0.0001
19331216,0.0001
19331223,0.0001
19331230,0.0001
19340106,0.0001
19340113,0.0001
19340120,0.0001
19340127,0.0001
19340203,0.0001
19340210,0.0001
19340217,0.0001
19340224,0.0001
19340303,0.0001
19340310,0.0001
19340317,0.0001
19340324,0.0001
19340331,0.0001
19340407,0
19340414,0
19340421,0
19340428,0
19340505,0
19340512,0
19340519,0
19340526,0
19340602,0
19340609,0
19340616,0
19340623,0
19340630,0
19340707,0
19340714,0
19340721,0
19340728,0
19340804,0
19340811,0
19340818,0
19340825,0
19340901,0
19340908,0
19340915,0
19340922,0
19340929,0
19341006,0
19341013,0
19341020,0
19341027,0
19341103,0
19341110,0
19341117,0
19341124,0
19341201,0
19341208,0
19341215,0
19341222,0
19341229,0
19350105,0
19350112,0
19350119,0
19350126,0
19350202,0
19350209,0
19350216,0
19350223,0
19350302,0
19350309,0
19350316,0
19350323,0
19350330,0
19350406,0
19350413,0
19350420,0
19350427,0
19350504,0
19350511,0
19350518,0
19350525,0
19350601,0
19350608,0
19350615,0
19350622,0
19350629,0
19350706,0
19350713,0
19350720,0
19350727,0
19350803,0
19350810,0
19350817,0
19350824,0
19350831,0
19350907,0
19350914,0
19350921,0
19350928,0
19351005,0
19351011,0
19351019,0
19351026,0
19351102,0.0001
19351109,0.0001
19351116,0.0001
19351123,0.0001
19351130,0.0001
19351207,0
19351214,0
19351221,0
19351228,0
19360104,0
19360111,0
19360118,0
19360125,0
19360201,0
19360208,0
19360215,0
19360221,0
19360229,0
19360307,0
19360314,0
19360321,0
19360328,0
19360404,0
19360411,0
19360418,0
19360425,0
19360502,0
19360509,0
19360516,0
19360523,0
19360529,0
19360606,0.0001
19360613,0.0001
19360620,0.0001
19360627,0.0001
19360703,0
19360711,0
19360718,0
19360725,0
19360801,0
19360808,0
19360815,0
19360822,0
19360829,0
19360905,0
19360912,0
19360919,0
19360926,0
19361003,0
19361010,0
19361017,0
19361024,0
19361031,0
19361107,0
19361114,0
19361121,0
19361128,0
19361205,0
19361212,0
19361219,0
19361224,0
19370102,0
19370109,0
19370116,0
19370123,0
19370130,0
19370206,0
19370213,0
19370220,0
19370227,0
19370306,0
19370313,0
19370320,0
19370327,0
19370403,0.0001
19370410,0.0001
19370417,0.0001
19370424,0.0001
19370501,0.0002
19370508,0.0002
19370515,0.0002
19370522,0.0002
19370528,0.0002
19370605,0.0001
19370612,0.0001
19370619,0.0001
19370626,0.0001
19370702,0.0001
19370710,0.0001
19370717,0.0001
19370724,0.0001
19370731,0.0001
19370807,0.0001
19370814,0.0001
19370821,0.0001
19370828,0.0001
19370904,0.0001
19370911,0.0001
19370918,0.0001
19370925,0.0001
19371002,0
19371009,0
19371016,0
19371023,0
19371030,0
19371106,0.0001
19371113,0.0001
19371120,0.0001
19371127,0.0001
19371204,0
19371211,0
19371218,0
19371224,0
19371231,0
19380108,0
19380115,0
19380122,0
19380129,0
19380205,0
19380211,0
19380219,0
19380226,0
19380305,0
19380312,0
19380319,0
19380326,0
19380402,0
19380409,0
19380416,0
19380423,0
19380430,0
19380507,0
19380514,0
19380521,0
19380528,0
19380604,0
19380611,0
19380618,0
19380625,0
19380702,0
19380709,0
19380716,0
19380723,0
19380730,0
19380806,0
19380813,0
19380820,0
19380827,0
19380903,0
19380910,0
19380917,0
19380924,0
19381001,0
19381008,0
19381015,0
19381022,0
19381029,0
19381105,-0.0002
19381112,-0.0002
19381119,-0.0002
19381126,-0.0002
19381203,0
19381210,0
19381217,0
19381224,0
19381231,0
19390107,0
19390114,0
19390121,0
19390128,0
19390204,0
19390211,0
19390218,0
19390225,0
19390304,0
19390311,0
19390318,0
19390325,0
19390401,0
19390408,0
19390415,0
19390422,0
19390429,0
19390506,0
19390513,0
19390520,0
19390527,0
19390603,0
19390610,0
19390617,0
19390624,0
19390701,0
19390708,0
19390715,0
19390722,0
19390729,0
19390805,0
19390812,0
19390819,0
19390826,0
19390902,0
19390909,0
19390916,0
19390923,0
19390930,0
19391007,0
19391014,0
19391021,0
19391028,0
19391104,0
19391110,0
19391118,0
19391125,0
19391202,0
19391209,0
19391216,0
19391223,0
19391230,0
19400106,0
19400113,0
19400120,0
19400127,0
19400203,0
19400210,0
19400217,0
19400224,0
19400302,0
19400309,0
19400316,0
19400323,0
19400330,0
19400406,0
19400413,0
19400420,0
19400427,0
19400504,0
19400511,0
19400518,0
19400525,0
19400601,0
19400608,0
19400615,0
19400622,0
19400629,0
19400706,0
19400713,0
19400720,0
19400727,0
19400803,0
19400810,0
19400817,0
19400824,0
19400831,0
19400907,0
19400914,0
19400921,0
19400928,0
19401005,0
19401011,0
19401019,0
19401026,0
19401102,0
19401109,0
19401116,0
19401123,0
19401130,0
19401207,0
19401214,0
19401221,0
19401228,0
19410104,0
19410111,0
19410118,0
19410125,0
19410201,0
19410208,0
19410215,0
19410221,0
19410301,0
19410308,0
19410315,0
19410322,0
19410329,0
19410405,0
19410412,0
19410419,0
19410426,0
19410503,0
19410510,0
19410517,0
19410524,0
19410531,0
19410607,0
19410614,0
19410621,0
19410628,0
19410705,0.0001
19410712,0.0001
19410719,0.0001
19410726,0.0001
19410802,0
19410809,0
19410816,0
19410823,0
19410830,0
19410906,0
19410913,0
19410920,0
19410927,0
19411004,0
19411011,0
19411018,0
19411025,0
19411101,0
19411108,0
19411115,0
19411122,0
19411129,0
19411206,0
19411213,0
19411220,0
19411227,0
19420103,0
19420110,0
19420117,0
19420124,0
19420131,0
19420207,0
19420214,0
19420221,0
19420228,0
19420307,0
19420314,0
19420321,0
19420328,0
19420404,0
19420411,0
19420418,0
19420425,0
19420502,0.0001
19420509,0.0001
19420516,0.0001
19420523,0.0001
19420529,0.0001
19420606,0.0001
19420613,0.0001
19420620,0.0001
19420627,0.0001
19420703,0.0001
19420711,0.0001
19420718,0.0001
19420725,0.0001
19420801,0.0001
19420808,0.0001
19420815,0.0001
19420822,0.0001
19420829,0.0001
19420905,0.0001
19420912,0.0001
19420919,0.0001
19420926,0.0001
19421003,0.0001
19421010,0.0001
19421017,0.0001
19421024,0.0001
19421031,0.0001
19421107,0.0001
19421114,0.0001
19421121,0.0001
19421128,0.0001
19421205,0.0001
19421212,0.0001
19421219,0.0001
19421226,0.0001
19430102,0.0001
19430109,0.0001
19430116,0.0001
19430123,0.0001
19430130,0.0001
19430206,0.0001
19430213,0.0001
19430220,0.0001
19430227,0.0001
19430306,0.0001
19430313,0.0001
19430320,0.0001
19430327,0.0001
19430403,0.0001
19430410,0.0001
19430417,0.0001
19430424,0.0001
19430501,0.0001
19430508,0.0001
19430515,0.0001
19430522,0.0001
19430529,0.0001
19430605,0.0001
19430612,0.0001
19430619,0.0001
19430626,0.0001
19430703,0.0001
19430710,0.0001
19430717,0.0001
19430724,0.0001
19430731,0.0001
19430807,0.0001
19430814,0.0001
19430821,0.0001
19430828,0.0001
19430904,0.0001
19430911,0.0001
19430918,0.0001
19430925,0.0001
19431002,0.0001
19431009,0.0001
19431016,0.0001
19431023,0.0001
19431030,0.0001
19431106,0.0001
19431113,0.0001
19431120,0.0001
19431127,0.0001
19431204,0.0001
19431211,0.0001
19431218,0.0001
19431224,0.0001
19431231,0.0001
19440108,0.0001
19440115,0.0001
19440122,0.0001
19440129,0.0001
19440205,0.0001
19440211,0.0001
19440219,0.0001
19440226,0.0001
19440304,0.0001
19440311,0.0001
19440318,0.0001
19440325,0.0001
19440401,0.0001
19440408,0.0001
19440415,0.0001
19440422,0.0001
19440429,0.0001
19440506,0.0001
19440513,0.0001
19440520,0.0001
19440527,0.0001
19440603,0.0001
19440610,0.0001
19440617,0.0001
19440624,0.0001
19440701,0.0001
19440708,0.0001
19440715,0.0001
19440722,0.0001
19440729,0.0001
19440805,0.0001
19440812,0.0001
19440818,0.0001
19440825,0.0001
19440901,0.0001
19440909,0.0001
19440916,0.0001
19440923,0.0001
19440930,0.0001
19441007,0.0001
19441014,0.0001
19441021,0.0001
19441028,0.0001
19441104,0.0001
19441110,0.0001
19441118,0.0001
19441125,0.0001
19441202,0.0001
19441209,0.0001
19441216,0.0001
19441223,0.0001
19441230,0.0001
19450106,0.0001
19450113,0.0001
19450120,0.0001
19450127,0.0001
19450203,0.0001
19450210,0.0001
19450217,0.0001
19450224,0.0001
19450303,0.0001
19450310,0.0001
19450317,0.0001
19450324,0.0001
19450331,0.0001
19450407,0.0001
19450413,0.0001
19450421,0.0001
19450428,0.0001
19450505,0.0001
19450512,0.0001
19450519,0.0001
19450526,0.0001
19450602,0.0001
19450609,0.0001
19450616,0.0001
19450623,0.0001
19450630,0.0001
19450706,0.0001
19450713,0.0001
19450720,0.0001
19450727,0.0001
19450803,0.0001
19450810,0.0001
19450817,0.0001
19450824,0.0001
19450831,0.0001
19450908,0.0001
19450915,0.0001
19450922,0.0001
19450929,0.0001
19451006,0.0001
19451011,0.0001
19451020,0.0001
19451026,0.0001
19451103,0.0001
19451110,0.0001
19451117,0.0001
19451124,0.0001
19451201,0.0001
19451208,0.0001
19451215,0.0001
19451222,0.0001
19451229,0.0001
19460105,0.0001
19460112,0.0001
19460119,0.0001
19460126,0.0001
19460202,0.0001
19460209,0.0001
19460216,0.0001
19460221,0.0001
19460302,0.0001
19460309,0.0001
19460316,0.0001
19460323,0.0001
19460330,0.0001
19460406,0.0001
19460413,0.0001
19460420,0.0001
19460427,0.0001
19460504,0.0001
19460511,0.0001
19460518,0.0001
19460524,0.0001
19460531,0.0001
19460607,0.0001
19460614,0.0001
19460621,0.0001
19460628,0.0001
19460705,0.0001
19460712,0.0001
19460719,0.0001
19460726,0.0001
19460802,0.0001
19460809,0.0001
19460816,0.0001
19460823,0.0001
19460830,0.0001
19460906,0.0001
19460913,0.0001
19460920,0.0001
19460927,0.0001
19461005,0.0001
19461011,0.0001
19461019,0.0001
19461026,0.0001
19461102,0.0001
19461109,0.0001
19461116,0.0001
19461123,0.0001
19461130,0.0001
19461207,0.0001
19461214,0.0001
19461221,0.0001
19461228,0.0001
19470104,0.0001
19470111,0.0001
19470118,0.0001
19470125,0.0001
19470201,0.0001
19470208,0.0001
19470215,0.0001
19470221,0.0001
19470301,0.0001
19470308,0.0001
19470315,0.0001
19470322,0.0001
19470329,0.0001
19470405,0.0001
19470412,0.0001
19470419,0.0001
19470426,0.0001
19470503,0.0001
19470510,0.0001
19470517,0.0001
19470524,0.0001
19470529,0.0001
19470606,0.0001
19470613,0.0001
19470620,0.0001
19470627,0.0001
19470703,0.0001
19470711,0.0001
19470718,0.0001
19470725,0.0001
19470801,0.0001
19470808,0.0001
19470815,0.0001
19470822,0.0001
19470829,0.0001
19470905,0.0002
19470912,0.0002
19470919,0.0002
19470926,0.0002
19471004,0.0002
19471011,0.0002
19471018,0.0002
19471025,0.0002
19471101,0.0002
19471108,0.0002
19471115,0.0002
19471122,0.0002
19471129,0.0002
19471206,0.0002
19471213,0.0002
19471220,0.0002
19471227,0.0002
19480102,0.0002
19480110,0.0002
19480117,0.0002
19480124,0.0002
19480131,0.0002
19480207,0.0002
19480214,0.0002
19480221,0.0002
19480228,0.0002
19480306,0.0002
19480313,0.0002
19480320,0.0002
19480327,0.0002
19480403,0.0002
19480410,0.0002
19480417,0.0002
19480424,0.0002
19480501,0.0002
19480508,0.0002
19480515,0.0002
19480522,0.0002
19480528,0.0002
19480604,0.0002
19480611,0.0002
19480618,0.0002
19480625,0.0002
19480702,0.0002
19480709,0.0002
19480716,0.0002
19480723,0.0002
19480730,0.0002
19480806,0.0002
19480813,0.0002
19480820,0.0002
19480827,0.0002
19480903,0.0001
19480910,0.0001
19480917,0.0001
19480924,0.0001
19481002,0.0001
19481009,0.0001
19481016,0.0001
19481023,0.0001
19481030,0.0001
19481106,0.0001
19481113,0.0001
19481120,0.0001
19481127,0.0001
19481204,0.0001
19481211,0.0001
19481218,0.0001
19481224,0.0001
19481231,0.0001
19490108,0.0002
19490115,0.0002
19490122,0.0002
19490129,0.0002
19490205,0.0002
19490211,0.0002
19490219,0.0002
19490226,0.0002
19490305,0.0002
19490312,0.0002
19490319,0.0002
19490326,0.0002
19490402,0.0002
19490409,0.0002
19490416,0.0002
19490423,0.0002
19490430,0.0002
19490507,0.0003
19490514,0.0003
19490521,0.0003
19490527,0.0003
19490603,0.0002
19490610,0.0002
19490617,0.0002
19490624,0.0002
19490701,0.0002
19490708,0.0002
19490715,0.0002
19490722,0.0002
19490729,0.0002
19490805,0.0002
19490812,0.0002
19490819,0.0002
19490826,0.0002
19490902,0.0002
19490909,0.0002
19490916,0.0002
19490923,0.0002
19491001,0.0002
19491008,0.0002
19491015,0.0002
19491022,0.0002
19491029,0.0002
19491105,0.0002
19491112,0.0002
19491119,0.0002
19491126,0.0002
19491203,0.0002
19491210,0.0002
19491217,0.0002
19491223,0.0002
19491231,0.0002
19500107,0.0002
19500114,0.0002
19500121,0.0002
19500128,0.0002
19500204,0.0002
19500211,0.0002
19500218,0.0002
19500225,0.0002
19500304,0.0002
19500311,0.0002
19500318,0.0002
19500325,0.0002
19500401,0.0002
19500408,0.0002
19500415,0.0002
19500422,0.0002
19500429,0.0002
19500506,0.0003
19500513,0.0003
19500520,0.0003
19500527,0.0003
19500602,0.0002
19500609,0.0002
19500616,0.0002
19500623,0.0002
19500630,0.0002
19500707,0.0002
19500714,0.0002
19500721,0.0002
19500728,0.0002
19500804,0.0002
19500811,0.0002
19500818,0.0002
19500825,0.0002
19500901,0.0003
19500908,0.0003
19500915,0.0003
19500922,0.0003
19500929,0.0003
19501007,0.0003
19501014,0.0003
19501021,0.0003
19501028,0.0003
19501104,0.0003
19501110,0.0003
19501118,0.0003
19501125,0.0003
19501202,0.0003
19501209,0.0003
19501216,0.0003
19501222,0.0003
19501230,0.0003
19510106,0.0003
19510113,0.0003
19510120,0.0003
19510127,0.0003
19510203,0.0003
19510210,0.0003
19510217,0.0003
19510224,0.0003
19510303,0.0003
19510310,0.0003
19510317,0.0003
19510324,0.0003
19510331,0.0003
19510407,0.0003
19510414,0.0003
19510421,0.0003
19510428,0.0003
19510505,0.0003
19510512,0.0003
19510519,0.0003
19510526,0.0003
19510601,0.0003
19510608,0.0003
19510615,0.0003
19510622,0.0003
19510629,0.0003
19510706,0.0003
19510713,0.0003
19510720,0.0003
19510727,0.0003
19510803,0.0003
19510810,0.0003
19510817,0.0003
19510824,0.0003
19510831,0.0003
19510907,0.0003
19510914,0.0003
19510921,0.0003
19510928,0.0003
19511006,0.0004
19511013,0.0004
19511020,0.0004
19511027,0.0004
19511103,0.0003
19511110,0.0003
19511117,0.0003
19511124,0.0003
19511201,0.0003
19511208,0.0003
19511215,0.0003
19511222,0.0003
19511229,0.0003
19520105,0.0004
19520112,0.0004
19520119,0.0004
19520126,0.0004
19520202,0.0003
19520209,0.0003
19520216,0.0003
19520223,0.0003
19520301,0.0003
19520308,0.0003
19520315,0.0003
19520322,0.0003
19520329,0.0003
19520405,0.0003
19520412,0.0003
19520419,0.0003
19520426,0.0003
19520503,0.0003
19520510,0.0003
19520517,0.0003
19520524,0.0003
19520529,0.0003
19520606,0.0004
19520613,0.0004
19520620,0.0004
19520627,0.0004
19520703,0.0004
19520711,0.0004
19520718,0.0004
19520725,0.0004
19520801,0.0004
19520808,0.0004
19520815,0.0004
19520822,0.0004
19520829,0.0004
19520905,0.0004
19520912,0.0004
19520919,0.0004
19520926,0.0004
19521003,0.0003
19521010,0.0003
19521017,0.0003
19521024,0.0003
19521031,0.0003
19521107,0.0003
19521114,0.0003
19521121,0.0003
19521128,0.0003
19521205,0.0004
19521212,0.0004
19521219,0.0004
19521226,0.0004
19530102,0.0004
19530109,0.0004
19530116,0.0004
19530123,0.0004
19530130,0.0004
19530206,0.0004
19530213,0.0004
19530220,0.0004
19530227,0.0004
19530306,0.0005
19530313,0.0005
19530320,0.0005
19530327,0.0005
19530402,0.0004
19530410,0.0004
19530417,0.0004
19530424,0.0004
19530501,0.0004
19530508,0.0004
19530515,0.0004
19530522,0.0004
19530529,0.0004
19530605,0.0005
19530612,0.0005
19530619,0.0005
19530626,0.0005
19530703,0.0004
19530710,0.0004
19530717,0.0004
19530724,0.0004
19530731,0.0004
19530807,0.0004
19530814,0.0004
19530821,0.0004
19530828,0.0004
19530904,0.0004
19530911,0.0004
19530918,0.0004
19530925,0.0004
19531002,0.0003
19531009,0.0003
19531016,0.0003
19531023,0.0003
19531030,0.0003
19531106,0.0002
19531113,0.0002
19531120,0.0002
19531127,0.0002
19531204,0.0003
19531211,0.0003
19531218,0.0003
19531224,0.0003
19531231,0.0003
19540108,0.0003
19540115,0.0003
19540122,0.0003
19540129,0.0003
19540205,0.0002
19540212,0.0002
19540219,0.0002
19540226,0.0002
19540305,0.0002
19540312,0.0002
19540319,0.0002
19540326,0.0002
19540402,0.0002
19540409,0.0002
19540415,0.0002
19540423,0.0002
19540430,0.0002
19540507,0.0001
19540514,0.0001
19540521,0.0001
19540528,0.0001
19540604,0.0001
19540611,0.0001
19540618,0.0001
19540625,0.0001
19540702,0.0001
19540709,0.0001
19540716,0.0001
19540723,0.0001
19540730,0.0001
19540806,0.0001
19540813,0.0001
19540820,0.0001
19540827,0.0001
19540903,0.0002
19540910,0.0002
19540917,0.0002
19540924,0.0002
19541001,0.0002
19541008,0.0002
19541015,0.0002
19541022,0.0002
19541029,0.0002
19541105,0.0002
19541112,0.0002
19541119,0.0002
19541126,0.0002
19541203,0.0002
19541210,0.0002
19541217,0.0002
19541223,0.0002
19541231,0.0002
19550107,0.0002
19550114,0.0002
19550121,0.0002
19550128,0.0002
19550204,0.0002
19550211,0.0002
19550218,0.0002
19550225,0.0002
19550304,0.0002
19550311,0.0002
19550318,0.0002
19550325,0.0002
19550401,0.0003
19550407,0.0003
19550415,0.0003
19550422,0.0003
19550429,0.0003
19550506,0.0003
19550513,0.0003
19550520,0.0003
19550527,0.0003
19550603,0.0003
19550610,0.0003
19550617,0.0003
19550624,0.0003
19550701,0.0002
19550708,0.0002
19550715,0.0002
19550722,0.0002
19550729,0.0002
19550805,0.0004
19550812,0.0004
19550819,0.0004
19550826,0.0004
19550902,0.0004
19550909,0.0004
19550916,0.0004
19550923,0.0004
19550930,0.0004
19551007,0.0005
19551014,0.0005
19551021,0.0005
19551028,0.0005
19551104,0.0004
19551111,0.0004
19551118,0.0004
19551125,0.0004
19551202,0.0005
19551209,0.0005
19551216,0.0005
19551223,0.0005
19551230,0.0005
19560106,0.0006
19560113,0.0006
19560120,0.0006
19560127,0.0006
19560203,0.0005
19560210,0.0005
19560217,0.0005
19560224,0.0005
19560302,0.0004
19560309,0.0004
19560316,0.0004
19560323,0.0004
19560329,0.0004
19560406,0.0005
19560413,0.0005
19560420,0.0005
19560427,0.0005
19560504,0.0006
19560511,0.0006
19560518,0.0006
19560525,0.0006
19560601,0.0005
19560608,0.0005
19560615,0.0005
19560622,0.0005
19560629,0.0005
19560706,0.0005
19560713,0.0005
19560720,0.0005
19560727,0.0005
19560803,0.0004
19560810,0.0004
19560817,0.0004
19560824,0.0004
19560831,0.0004
19560907,0.0005
19560914,0.0005
19560921,0.0005
19560928,0.0005
19561005,0.0006
19561012,0.0006
19561019,0.0006
19561026,0.0006
19561102,0.0005
19561109,0.0005
19561116,0.0005
19561123,0.0005
19561130,0.0005
19561207,0.0006
19561214,0.0006
19561221,0.0006
19561228,0.0006
19570104,0.0007
19570111,0.0007
19570118,0.0007
19570125,0.0007
19570201,0.0006
19570208,0.0006
19570215,0.0006
19570221,0.0006
19570301,0.0006
19570308,0.0006
19570315,0.0006
19570322,0.0006
19570329,0.0006
19570405,0.0006
19570412,0.0006
19570418,0.0006
19570426,0.0006
19570503,0.0006
19570510,0.0006
19570517,0.0006
19570524,0.0006
19570531,0.0006
19570607,0.0006
19570614,0.0006
19570621,0.0006
19570628,0.0006
19570705,0.0007
19570712,0.0007
19570719,0.0007
19570726,0.0007
19570802,0.0006
19570809,0.0006
19570816,0.0006
19570823,0.0006
19570830,0.0006
19570906,0.0006
19570913,0.0006
19570920,0.0006
19570927,0.0006
19571004,0.0007
19571011,0.0007
19571018,0.0007
19571025,0.0007
19571101,0.0007
19571108,0.0007
19571115,0.0007
19571122,0.0007
19571129,0.0007
19571206,0.0006
19571213,0.0006
19571220,0.0006
19571227,0.0006
19580103,0.0007
19580110,0.0007
19580117,0.0007
19580124,0.0007
19580131,0.0007
19580207,0.0003
19580214,0.0003
19580221,0.0003
19580228,0.0003
19580307,0.0002
19580314,0.0002
19580321,0.0002
19580328,0.0002
19580403,0.0002
19580411,0.0002
19580418,0.0002
19580425,0.0002
19580502,0.0003
19580509,0.0003
19580516,0.0003
19580523,0.0003
19580529,0.0003
19580606,0.0001
19580613,0.0001
19580620,0.0001
19580627,0.0001
19580703,0.0002
19580711,0.0002
19580718,0.0002
19580725,0.0002
19580801,0.0001
19580808,0.0001
19580815,0.0001
19580822,0.0001
19580829,0.0001
19580905,0.0005
19580912,0.0005
19580919,0.0005
19580926,0.0005
19581003,0.0005
19581010,0.0005
19581017,0.0005
19581024,0.0005
19581031,0.0005
19581107,0.0003
19581114,0.0003
19581121,0.0003
19581128,0.0003
19581205,0.0006
19581212,0.0006
19581219,0.0006
19581224,0.0006
19590102,0.0005
19590109,0.0005
19590116,0.0005
19590123,0.0005
19590130,0.0005
19590206,0.0005
19590213,0.0005
19590220,0.0005
19590227,0.0005
19590306,0.0005
19590313,0.0005
19590320,0.0005
19590326,0.0005
19590403,0.0005
19590410,0.0005
19590417,0.0005
19590424,0.0005
19590501,0.0005
19590508,0.0005
19590515,0.0005
19590522,0.0005
19590529,0.0005
19590605,0.0006
19590612,0.0006
19590619,0.0006
19590626,0.0006
19590702,0.0006
19590710,0.0006
19590717,0.0006
19590724,0.0006
19590731,0.0006
19590807,0.0005
19590814,0.0005
19590821,0.0005
19590828,0.0005
19590904,0.0008
19590911,0.0008
19590918,0.0008
19590925,0.0008
19591002,0.0008
19591009,0.0008
19591016,0.0008
19591023,0.0008
19591030,0.0008
19591106,0.0006
19591113,0.0006
19591120,0.0006
19591127,0.0006
19591204,0.0008
19591211,0.0008
19591218,0.0008
19591224,0.0008
19591231,0.0008
19600108,0.0008
19600115,0.0008
19600122,0.0008
19600129,0.0008
19600205,0.0007
19600212,0.0007
19600219,0.0007
19600226,0.0007
19600304,0.0009
19600311,0.0009
19600318,0.0009
19600325,0.0009
19600401,0.0005
19600408,0.0005
19600414,0.0005
19600422,0.0005
19600429,0.0005
19600506,0.0007
19600513,0.0007
19600520,0.0007
19600527,0.0007
19600603,0.0006
19600610,0.0006
19600617,0.0006
19600624,0.0006
19600701,0.0003
19600708,0.0003
19600715,0.0003
19600722,0.0003
19600729,0.0003
19600805,0.0004
19600812,0.0004
19600819,0.0004
19600826,0.0004
19600902,0.0004
19600909,0.0004
19600916,0.0004
19600923,0.0004
19600930,0.0004
19601007,0.0005
19601014,0.0005
19601021,0.0005
19601028,0.0005
19601104,0.0003
19601111,0.0003
19601118,0.0003
19601125,0.0003
19601202,0.0004
19601209,0.0004
19601216,0.0004
19601223,0.0004
19601230,0.0004
19610106,0.0005
19610113,0.0005
19610120,0.0005
19610127,0.0005
19610203,0.0004
19610210,0.0004
19610217,0.0004
19610224,0.0004
19610303,0.0005
19610310,0.0005
19610317,0.0005
19610324,0.0005
19610330,0.0005
19610407,0.0004
19610414,0.0004
19610421,0.0004
19610428,0.0004
19610505,0.0004
19610512,0.0004
19610519,0.0004
19610526,0.0004
19610602,0.0005
19610609,0.0005
19610616,0.0005
19610623,0.0005
19610630,0.0005
19610707,0.0005
19610714,0.0005
19610721,0.0005
19610728,0.0005
19610804,0.0004
19610811,0.0004
19610818,0.0004
19610825,0.0004
19610901,0.0004
19610908,0.0004
19610915,0.0004
19610922,0.0004
19610929,0.0004
19611006,0.0005
19611013,0.0005
19611020,0.0005
19611027,0.0005
19611103,0.0004
19611110,0.0004
19611117,0.0004
19611124,0.0004
19611201,0.0005
19611208,0.0005
19611215,0.0005
19611222,0.0005
19611229,0.0005
19620105,0.0006
19620112,0.0006
19620119,0.0006
19620126,0.0006
19620202,0.0005
19620209,0.0005
19620216,0.0005
19620223,0.0005
19620302,0.0005
19620309,0.0005
19620316,0.0005
19620323,0.0005
19620330,0.0005
19620406,0.0006
19620413,0.0006
19620419,0.0006
19620427,0.0006
19620504,0.0006
19620511,0.0006
19620518,0.0006
19620525,0.0006
19620601,0.0005
19620608,0.0005
19620615,0.0005
19620622,0.0005
19620629,0.0005
19620706,0.0007
19620713,0.0007
19620720,0.0007
19620727,0.0007
19620803,0.0006
19620810,0.0006
19620817,0.0006
19620824,0.0006
19620831,0.0006
19620907,0.0005
19620914,0.0005
19620921,0.0005
19620928,0.0005
19621005,0.0006
19621012,0.0006
19621019,0.0006
19621026,0.0006
19621102,0.0005
19621109,0.0005
19621116,0.0005
19621123,0.0005
19621130,0.0005
19621207,0.0006
19621214,0.0006
19621221,0.0006
19621228,0.0006
19630104,0.0006
19630111,0.0006
19630118,0.0006
19630125,0.0006
19630201,0.0006
19630208,0.0006
19630215,0.0006
19630221,0.0006
19630301,0.0006
19630308,0.0006
19630315,0.0006
19630322,0.0006
19630329,0.0006
19630405,0.0006
19630411,0.0006
19630419,0.0006
19630426,0.0006
19630503,0.0006
19630510,0.0006
19630517,0.0006
19630524,0.0006
19630531,0.0006
19630607,0.0006
19630614,0.0006
19630621,0.0006
19630628,0.0006
19630705,0.0007
19630712,0.0007
19630719,0.0007
19630726,0.0007
19630802,0.0006
19630809,0.0006
19630816,0.0006
19630823,0.0006
19630830,0.0006
19630906,0.0007
19630913,0.0007
19630920,0.0007
19630927,0.0007
19631004,0.0007
19631011,0.0007
19631018,0.0007
19631025,0.0007
19631101,0.0007
19631108,0.0007
19631115,0.0007
19631122,0.0007
19631129,0.0007
19631206,0.0007
19631213,0.0007
19631220,0.0007
19631227,0.0007
19640103,0.0007
19640110,0.0007
19640117,0.0007
19640124,0.0007
19640131,0.0007
19640207,0.0007
19640214,0.0007
19640220,0.0007
19640228,0.0007
19640306,0.0008
19640313,0.0008
19640320,0.0008
19640326,0.0008
19640403,0.0007
19640410,0.0007
19640417,0.0007
19640424,0.0007
19640501,0.0006
19640508,0.0006
19640515,0.0006
19640522,0.0006
19640528,0.0006
19640605,0.0008
19640612,0.0008
19640619,0.0008
19640626,0.0008
19640702,0.0007
19640710,0.0007
19640717,0.0007
19640724,0.0007
19640731,0.0007
19640807,0.0007
19640814,0.0007
19640821,0.0007
19640828,0.0007
19640904,0.0007
19640911,0.0007
19640918,0.0007
19640925,0.0007
19641002,0.0007
19641009,0.0007
19641016,0.0007
19641023,0.0007
19641030,0.0007
19641106,0.0007
19641113,0.0007
19641120,0.0007
19641127,0.0007
19641204,0.0008
19641211,0.0008
19641218,0.0008
19641224,0.0008
19641231,0.0008
19650108,0.0007
19650115,0.0007
19650122,0.0007
19650129,0.0007
19650205,0.0007
19650212,0.0007
19650219,0.0007
19650226,0.0007
19650305,0.0009
19650312,0.0009
19650319,0.0009
19650326,0.0009
19650402,0.0008
19650409,0.0008
19650415,0.0008
19650423,0.0008
19650430,0.0008
19650507,0.0008
19650514,0.0008
19650521,0.0008
19650528,0.0008
19650604,0.0009
19650611,0.0009
19650618,0.0009
19650625,0.0009
19650702,0.0008
19650709,0.0008
19650716,0.0008
19650723,0.0008
19650730,0.0008
19650806,0.0008
19650813,0.0008
19650820,0.0008
19650827,0.0008
19650903,0.0008
19650910,0.0008
19650917,0.0008
19650924,0.0008
19651001,0.0008
19651008,0.0008
19651015,0.0008
19651022,0.0008
19651029,0.0008
19651105,0.0009
19651112,0.0009
19651119,0.0009
19651126,0.0009
19651203,0.0008
19651210,0.0008
19651217,0.0008
19651223,0.0008
19651231,0.0008
19660107,0.0009
19660114,0.0009
19660121,0.0009
19660128,0.0009
19660204,0.0009
19660211,0.0009
19660218,0.0009
19660225,0.0009
19660304,0.001
19660311,0.001
19660318,0.001
19660325,0.001
19660401,0.0009
19660407,0.0009
19660415,0.0009
19660422,0.0009
19660429,0.0009
19660506,0.001
19660513,0.001
19660520,0.001
19660527,0.001
19660603,0.0009
19660610,0.0009
19660617,0.0009
19660624,0.0009
19660701,0.0009
19660708,0.0009
19660715,0.0009
19660722,0.0009
19660729,0.0009
19660805,0.001
19660812,0.001
19660819,0.001
19660826,0.001
19660902,0.001
19660909,0.001
19660916,0.001
19660923,0.001
19660930,0.001
19661007,0.0011
19661014,0.0011
19661021,0.0011
19661028,0.0011
19661104,0.001
19661111,0.001
19661118,0.001
19661125,0.001
19661202,0.001
19661209,0.001
19661216,0.001
19661223,0.001
19661230,0.001
19670106,0.0011
19670113,0.0011
19670120,0.0011
19670127,0.0011
19670203,0.0009
19670210,0.0009
19670217,0.0009
19670224,0.0009
19670303,0.001
19670310,0.001
19670317,0.001
19670323,0.001
19670331,0.001
19670407,0.0008
19670414,0.0008
19670421,0.0008
19670428,0.0008
19670505,0.0008
19670512,0.0008
19670519,0.0008
19670526,0.0008
19670602,0.0007
19670609,0.0007
19670616,0.0007
19670623,0.0007
19670630,0.0007
19670707,0.0008
19670714,0.0008
19670721,0.0008
19670728,0.0008
19670804,0.0008
19670811,0.0008
19670818,0.0008
19670825,0.0008
19670901,0.0008
19670908,0.0008
19670915,0.0008
19670922,0.0008
19670929,0.0008
19671006,0.001
19671013,0.001
19671020,0.001
19671027,0.001
19671103,0.0009
19671110,0.0009
19671117,0.0009
19671124,0.0009
19671201,0.0008
19671208,0.0008
19671215,0.0008
19671222,0.0008
19671229,0.0008
19680105,0.001
19680112,0.001
19680119,0.001
19680126,0.001
19680202,0.001
19680209,0.001
19680216,0.001
19680223,0.001
19680301,0.0009
19680308,0.0009
19680315,0.0009
19680322,0.0009
19680329,0.0009
19680405,0.0011
19680411,0.0011
19680419,0.0011
19680426,0.0011
19680503,0.0011
19680510,0.0011
19680517,0.0011
19680524,0.0011
19680531,0.0011
19680607,0.0011
19680614,0.0011
19680621,0.0011
19680628,0.0011
19680703,0.0012
19680712,0.0012
19680719,0.0012
19680726,0.0012
19680802,0.0011
19680809,0.0011
19680816,0.0011
19680823,0.0011
19680830,0.0011
19680906,0.0011
19680913,0.0011
19680920,0.0011
19680927,0.0011
19681004,0.0011
19681011,0.0011
19681018,0.0011
19681025,0.0011
19681101,0.0011
19681108,0.0011
19681115,0.0011
19681122,0.0011
19681129,0.0011
19681206,0.0011
19681213,0.0011
19681220,0.0011
19681227,0.0011
19690103,0.0013
19690110,0.0013
19690117,0.0013
19690124,0.0013
19690131,0.0013
19690207,0.0012
19690214,0.0012
19690220,0.0012
19690228,0.0012
19690307,0.0012
19690314,0.0012
19690321,0.0012
19690328,0.0012
19690403,0.0013
19690411,0.0013
19690418,0.0013
19690425,0.0013
19690502,0.0012
19690509,0.0012
19690516,0.0012
19690523,0.0012
19690529,0.0012
19690606,0.0013
19690613,0.0013
19690620,0.0013
19690627,0.0013
19690703,0.0013
19690711,0.0013
19690718,0.0013
19690725,0.0013
19690801,0.0013
19690808,0.0013
19690815,0.0013
19690822,0.0013
19690829,0.0013
19690905,0.0015
19690912,0.0015
19690919,0.0015
19690926,0.0015
19691003,0.0015
19691010,0.0015
19691017,0.0015
19691024,0.0015
19691031,0.0015
19691107,0.0013
19691114,0.0013
19691121,0.0013
19691128,0.0013
19691205,0.0016
19691212,0.0016
19691219,0.0016
19691226,0.0016
19700102,0.0015
19700109,0.0015
19700116,0.0015
19700123,0.0015
19700130,0.0015
19700206,0.0015
19700213,0.0015
19700220,0.0015
19700227,0.0015
19700306,0.0014
19700313,0.0014
19700320,0.0014
19700326,0.0014
19700403,0.0013
19700410,0.0013
19700417,0.0013
19700424,0.0013
19700501,0.0013
19700508,0.0013
19700515,0.0013
19700522,0.0013
19700529,0.0013
19700605,0.0014
19700612,0.0014
19700619,0.0014
19700626,0.0014
19700702,0.0013
19700710,0.0013
19700717,0.0013
19700724,0.0013
19700731,0.0013
19700807,0.0013
19700814,0.0013
19700821,0.0013
19700828,0.0013
19700904,0.0013
19700911,0.0013
19700918,0.0013
19700925,0.0013
19701002,0.0011
19701009,0.0011
19701016,0.0011
19701023,0.0011
19701030,0.0011
19701106,0.0011
19701113,0.0011
19701120,0.0011
19701127,0.0011
19701204,0.0011
19701211,0.0011
19701218,0.0011
19701224,0.0011
19701231,0.0011
19710108,0.001
19710115,0.001
19710122,0.001
19710129,0.001
19710205,0.0008
19710212,0.0008
19710219,0.0008
19710226,0.0008
19710305,0.0007
19710312,0.0007
19710319,0.0007
19710326,0.0007
19710402,0.0007
19710408,0.0007
19710416,0.0007
19710423,0.0007
19710430,0.0007
19710507,0.0007
19710514,0.0007
19710521,0.0007
19710528,0.0007
19710604,0.0009
19710611,0.0009
19710618,0.0009
19710625,0.0009
19710702,0.001
19710709,0.001
19710716,0.001
19710723,0.001
19710730,0.001
19710806,0.0012
19710813,0.0012
19710820,0.0012
19710827,0.0012
19710903,0.0009
19710910,0.0009
19710917,0.0009
19710924,0.0009
19711001,0.0009
19711008,0.0009
19711015,0.0009
19711022,0.0009
19711029,0.0009
19711105,0.0009
19711112,0.0009
19711119,0.0009
19711126,0.0009
19711203,0.0009
19711210,0.0009
19711217,0.0009
19711223,0.0009
19711231,0.0009
19720107,0.0007
19720114,0.0007
19720121,0.0007
19720128,0.0007
19720204,0.0006
19720211,0.0006
19720218,0.0006
19720225,0.0006
19720303,0.0007
19720310,0.0007
19720317,0.0007
19720324,0.0007
19720330,0.0007
19720407,0.0007
19720414,0.0007
19720421,0.0007
19720428,0.0007
19720505,0.0008
19720512,0.0008
19720519,0.0008
19720526,0.0008
19720602,0.0007
19720609,0.0007
19720616,0.0007
19720623,0.0007
19720630,0.0007
19720707,0.0008
19720714,0.0008
19720721,0.0008
19720728,0.0008
19720804,0.0007
19720811,0.0007
19720818,0.0007
19720825,0.0007
19720901,0.0009
19720908,0.0009
19720915,0.0009
19720922,0.0009
19720929,0.0009
19721006,0.001
19721013,0.001
19721020,0.001
19721027,0.001
19721103,0.0009
19721110,0.0009
19721117,0.0009
19721124,0.0009
19721201,0.0009
19721208,0.0009
19721215,0.0009
19721222,0.0009
19721229,0.0009
19730105,0.0011
19730112,0.0011
19730119,0.0011
19730126,0.0011
19730202,0.001
19730209,0.001
19730216,0.001
19730223,0.001
19730302,0.0011
19730309,0.0011
19730316,0.0011
19730323,0.0011
19730330,0.0011
19730406,0.0013
19730413,0.0013
19730419,0.0013
19730427,0.0013
19730504,0.0013
19730511,0.0013
19730518,0.0013
19730525,0.0013
19730601,0.0013
19730608,0.0013
19730615,0.0013
19730622,0.0013
19730629,0.0013
19730706,0.0016
19730713,0.0016
19730720,0.0016
19730727,0.0016
19730803,0.0017
19730810,0.0017
19730817,0.0017
19730824,0.0017
19730831,0.0017
19730907,0.0017
19730914,0.0017
19730921,0.0017
19730928,0.0017
19731005,0.0016
19731012,0.0016
19731019,0.0016
19731026,0.0016
19731102,0.0014
19731109,0.0014
19731116,0.0014
19731123,0.0014
19731130,0.0014
19731207,0.0016
19731214,0.0016
19731221,0.0016
19731228,0.0016
19740104,0.0016
19740111,0.0016
19740118,0.0016
19740125,0.0016
19740201,0.0014
19740208,0.0014
19740215,0.0014
19740222,0.0014
19740301,0.0014
19740308,0.0014
19740315,0.0014
19740322,0.0014
19740329,0.0014
19740405,0.0019
19740411,0.0019
19740419,0.0019
19740426,0.0019
19740503,0.0019
19740510,0.0019
19740517,0.0019
19740524,0.0019
19740531,0.0019
19740607,0.0015
19740614,0.0015
19740621,0.0015
19740628,0.0015
19740705,0.0018
19740712,0.0018
19740719,0.0018
19740726,0.0018
19740802,0.0015
19740809,0.0015
19740816,0.0015
19740823,0.0015
19740830,0.0015
19740906,0.002
19740913,0.002
19740920,0.002
19740927,0.002
19741004,0.0013
19741011,0.0013
19741018,0.0013
19741025,0.0013
19741101,0.0013
19741108,0.0013
19741115,0.0013
19741122,0.0013
19741129,0.0013
19741206,0.0017
19741213,0.0017
19741220,0.0017
19741227,0.0017
19750103,0.0015
19750110,0.0015
19750117,0.0015
19750124,0.0015
19750131,0.0015
19750207,0.0011
19750214,0.0011
19750221,0.0011
19750228,0.0011
19750307,0.001
19750314,0.001
19750321,0.001
19750327,0.001
19750404,0.0011
19750411,0.0011
19750418,0.0011
19750425,0.0011
19750502,0.0011
19750509,0.0011
19750516,0.0011
19750523,0.0011
19750530,0.0011
19750606,0.001
19750613,0.001
19750620,0.001
19750627,0.001
19750703,0.0012
19750711,0.0012
19750718,0.0012
19750725,0.0012
19750801,0.0012
19750808,0.0012
19750815,0.0012
19750822,0.0012
19750829,0.0012
19750905,0.0013
19750912,0.0013
19750919,0.0013
19750926,0.0013
19751003,0.0014
19751010,0.0014
19751017,0.0014
19751024,0.0014
19751031,0.0014
19751107,0.001
19751114,0.001
19751121,0.001
19751128,0.001
19751205,0.0012
19751212,0.0012
19751219,0.0012
19751226,0.0012
19760102,0.0012
19760109,0.0012
19760116,0.0012
19760123,0.0012
19760130,0.0012
19760206,0.0008
19760213,0.0008
19760220,0.0008
19760227,0.0008
19760305,0.001
19760312,0.001
19760319,0.001
19760326,0.001
19760402,0.001
19760409,0.001
19760415,0.001
19760423,0.001
19760430,0.001
19760507,0.0009
19760514,0.0009
19760521,0.0009
19760528,0.0009
19760604,0.0011
19760611,0.0011
19760618,0.0011
19760625,0.0011
19760702,0.0012
19760709,0.0012
19760716,0.0012
19760723,0.0012
19760730,0.0012
19760806,0.0011
19760813,0.0011
19760820,0.0011
19760827,0.0011
19760903,0.0011
19760910,0.0011
19760917,0.0011
19760924,0.0011
19761001,0.001
19761008,0.001
19761015,0.001
19761022,0.001
19761029,0.001
19761105,0.001
19761112,0.001
19761119,0.001
19761126,0.001
19761203,0.001
19761210,0.001
19761217,0.001
19761223,0.001
19761231,0.001
19770107,0.0009
19770114,0.0009
19770121,0.0009
19770128,0.0009
19770204,0.0009
19770211,0.0009
19770218,0.0009
19770225,0.0009
19770304,0.0009
19770311,0.0009
19770318,0.0009
19770325,0.0009
19770401,0.0009
19770407,0.0009
19770415,0.0009
19770422,0.0009
19770429,0.0009
19770506,0.0009
19770513,0.0009
19770520,0.0009
19770527,0.0009
19770603,0.001
19770610,0.001
19770617,0.001
19770624,0.001
19770701,0.001
19770708,0.001
19770715,0.001
19770722,0.001
19770729,0.001
19770805,0.0011
19770812,0.0011
19770819,0.0011
19770826,0.0011
19770902,0.0011
19770909,0.0011
19770916,0.0011
19770923,0.0011
19770930,0.0011
19771007,0.0012
19771014,0.0012
19771021,0.0012
19771028,0.0012
19771104,0.0012
19771111,0.0012
19771118,0.0012
19771125,0.0012
19771202,0.0012
19771209,0.0012
19771216,0.0012
19771223,0.0012
19771230,0.0012
19780106,0.0012
19780113,0.0012
19780120,0.0012
19780127,0.0012
19780203,0.0011
19780210,0.0011
19780217,0.0011
19780224,0.0011
19780303,0.0013
19780310,0.0013
19780317,0.0013
19780323,0.0013
19780331,0.0013
19780407,0.0013
19780414,0.0013
19780421,0.0013
19780428,0.0013
19780505,0.0013
19780512,0.0013
19780519,0.0013
19780526,0.0013
19780602,0.0013
19780609,0.0013
19780616,0.0013
19780623,0.0013
19780630,0.0013
19780707,0.0014
19780714,0.0014
19780721,0.0014
19780728,0.0014
19780804,0.0014
19780811,0.0014
19780818,0.0014
19780825,0.0014
19780901,0.0015
19780908,0.0015
19780915,0.0015
19780922,0.0015
19780929,0.0015
19781006,0.0017
19781013,0.0017
19781020,0.0017
19781027,0.0017
19781103,0.0017
19781110,0.0017
19781117,0.0017
19781124,0.0017
19781201,0.002
19781208,0.002
19781215,0.002
19781222,0.002
19781229,0.002
19790105,0.0019
19790112,0.0019
19790119,0.0019
19790126,0.0019
19790202,0.0018
19790209,0.0018
19790216,0.0018
19790223,0.0018
19790302,0.002
19790309,0.002
19790316,0.002
19790323,0.002
19790330,0.002
19790406,0.002
19790412,0.002
19790420,0.002
19790427,0.002
19790504,0.002
19790511,0.002
19790518,0.002
19790525,0.002
19790601,0.002
19790608,0.002
19790615,0.002
19790622,0.002
19790629,0.002
19790706,0.0019
19790713,0.0019
19790720,0.0019
19790727,0.0019
19790803,0.0019
19790810,0.0019
19790817,0.0019
19790824,0.0019
19790831,0.0019
19790907,0.0021
19790914,0.0021
19790921,0.0021
19790928,0.0021
19791005,0.0022
19791012,0.0022
19791019,0.0022
19791026,0.0022
19791102,0.0025
19791109,0.0025
19791116,0.0025
19791123,0.0025
19791130,0.0025
19791207,0.0024
19791214,0.0024
19791221,0.0024
19791228,0.0024
19800104,0.002
19800111,0.002
19800118,0.002
19800125,0.002
19800201,0.0022
19800208,0.0022
19800215,0.0022
19800222,0.0022
19800229,0.0022
19800307,0.003
19800314,0.003
19800321,0.003
19800328,0.003
19800403,0.0031
19800411,0.0031
19800418,0.0031
19800425,0.0031
19800502,0.002
19800509,0.002
19800516,0.002
19800523,0.002
19800530,0.002
19800606,0.0015
19800613,0.0015
19800620,0.0015
19800627,0.0015
19800703,0.0013
19800711,0.0013
19800718,0.0013
19800725,0.0013
19800801,0.0016
19800808,0.0016
19800815,0.0016
19800822,0.0016
19800829,0.0016
19800905,0.0019
19800912,0.0019
19800919,0.0019
19800926,0.0019
19801003,0.0024
19801010,0.0024
19801017,0.0024
19801024,0.0024
19801031,0.0024
19801107,0.0024
19801114,0.0024
19801121,0.0024
19801128,0.0024
19801205,0.0033
19801212,0.0033
19801219,0.0033
19801226,0.0033
19810102,0.0026
19810109,0.0026
19810116,0.0026
19810123,0.0026
19810130,0.0026
19810206,0.0027
19810213,0.0027
19810220,0.0027
19810227,0.0027
19810306,0.003
19810313,0.003
19810320,0.003
19810327,0.003
19810403,0.0027
19810410,0.0027
19810416,0.0027
19810424,0.0027
19810501,0.0029
19810508,0.0029
19810515,0.0029
19810522,0.0029
19810529,0.0029
19810605,0.0034
19810612,0.0034
19810619,0.0034
19810626,0.0034
19810702,0.0031
19810710,0.0031
19810717,0.0031
19810724,0.0031
19810731,0.0031
19810807,0.0032
19810814,0.0032
19810821,0.0032
19810828,0.0032
19810904,0.0031
19810911,0.0031
19810918,0.0031
19810925,0.0031
19811002,0.003
19811009,0.003
19811016,0.003
19811023,0.003
19811030,0.003
19811106,0.0027
19811113,0.0027
19811120,0.0027
19811127,0.0027
19811204,0.0022
19811211,0.0022
19811218,0.0022
19811224,0.0022
19811231,0.0022
19820108,0.002
19820115,0.002
19820122,0.002
19820129,0.002
19820205,0.0023
19820212,0.0023
19820219,0.0023
19820226,0.0023
19820305,0.0024
19820312,0.0024
19820319,0.0024
19820326,0.0024
19820402,0.0028
19820408,0.0028
19820416,0.0028
19820423,0.0028
19820430,0.0028
19820507,0.0026
19820514,0.0026
19820521,0.0026
19820528,0.0026
19820604,0.0024
19820611,0.0024
19820618,0.0024
19820625,0.0024
19820702,0.0026
19820709,0.0026
19820716,0.0026
19820723,0.0026
19820730,0.0026
19820806,0.0019
19820813,0.0019
19820820,0.0019
19820827,0.0019
19820903,0.0013
19820910,0.0013
19820917,0.0013
19820924,0.0013
19821001,0.0015
19821008,0.0015
19821015,0.0015
19821022,0.0015
19821029,0.0015
19821105,0.0016
19821112,0.0016
19821119,0.0016
19821126,0.0016
19821203,0.0017
19821210,0.0017
19821217,0.0017
19821223,0.0017
19821231,0.0017
19830107,0.0017
19830114,0.0017
19830121,0.0017
19830128,0.0017
19830204,0.0015
19830211,0.0015
19830218,0.0015
19830225,0.0015
19830304,0.0016
19830311,0.0016
19830318,0.0016
19830325,0.0016
19830331,0.0016
19830408,0.0018
19830415,0.0018
19830422,0.0018
19830429,0.0018
19830506,0.0017
19830513,0.0017
19830520,0.0017
19830527,0.0017
19830603,0.0017
19830610,0.0017
19830617,0.0017
19830624,0.0017
19830701,0.0018
19830708,0.0018
19830715,0.0018
19830722,0.0018
19830729,0.0018
19830805,0.0019
19830812,0.0019
19830819,0.0019
19830826,0.0019
19830902,0.0019
19830909,0.0019
19830916,0.0019
19830923,0.0019
19830930,0.0019
19831007,0.0019
19831014,0.0019
19831021,0.0019
19831028,0.0019
19831104,0.0018
19831111,0.0018
19831118,0.0018
19831125,0.0018
19831202,0.0018
19831209,0.0018
19831216,0.0018
19831223,0.0018
19831230,0.0018
19840106,0.0019
19840113,0.0019
19840120,0.0019
19840127,0.0019
19840203,0.0018
19840210,0.0018
19840217,0.0018
19840224,0.0018
19840302,0.0018
19840309,0.0018
19840316,0.0018
19840323,0.0018
19840330,0.0018
19840406,0.002
19840413,0.002
19840419,0.002
19840427,0.002
19840504,0.002
19840511,0.002
19840518,0.002
19840525,0.002
19840601,0.0019
19840608,0.0019
19840615,0.0019
19840622,0.0019
19840629,0.0019
19840706,0.002
19840713,0.002
19840720,0.002
19840727,0.002
19840803,0.0021
19840810,0.0021
19840817,0.0021
19840824,0.0021
19840831,0.0021
19840907,0.0021
19840914,0.0021
19840921,0.0021
19840928,0.0021
19841005,0.0025
19841012,0.0025
19841019,0.0025
19841026,0.0025
19841102,0.0018
19841109,0.0018
19841116,0.0018
19841123,0.0018
19841130,0.0018
19841207,0.0016
19841214,0.0016
19841221,0.0016
19841228,0.0016
19850104,0.0016
19850111,0.0016
19850118,0.0016
19850125,0.0016
19850201,0.0014
19850208,0.0014
19850215,0.0014
19850222,0.0014
19850301,0.0015
19850308,0.0015
19850315,0.0015
19850322,0.0015
19850329,0.0015
19850404,0.0018
19850412,0.0018
19850419,0.0018
19850426,0.0018
19850503,0.0017
19850510,0.0017
19850517,0.0017
19850524,0.0017
19850531,0.0017
19850607,0.0014
19850614,0.0014
19850621,0.0014
19850628,0.0014
19850705,0.0016
19850712,0.0016
19850719,0.0016
19850726,0.0016
19850802,0.0014
19850809,0.0014
19850816,0.0014
19850823,0.0014
19850830,0.0014
19850906,0.0015
19850913,0.0015
19850920,0.0015
19850926,0.0015
19851004,0.0016
19851011,0.0016
19851018,0.0016
19851025,0.0016
19851101,0.0015
19851108,0.0015
19851115,0.0015
19851122,0.0015
19851129,0.0015
19851206,0.0016
19851213,0.0016
19851220,0.0016
19851227,0.0016
19860103,0.0014
19860110,0.0014
19860117,0.0014
19860124,0.0014
19860131,0.0014
19860207,0.0013
19860214,0.0013
19860221,0.0013
19860228,0.0013
19860307,0.0015
19860314,0.0015
19860321,0.0015
19860327,0.0015
19860404,0.0013
19860411,0.0013
19860418,0.0013
19860425,0.0013
19860502,0.0012
19860509,0.0012
19860516,0.0012
19860523,0.0012
19860530,0.0012
19860606,0.0013
19860613,0.0013
19860620,0.0013
19860627,0.0013
19860703,0.0013
19860711,0.0013
19860718,0.0013
19860725,0.0013
19860801,0.0011
19860808,0.0011
19860815,0.0011
19860822,0.0011
19860829,0.0011
19860905,0.0011
19860912,0.0011
19860919,0.0011
19860926,0.0011
19861003,0.0012
19861010,0.0012
19861017,0.0012
19861024,0.0012
19861031,0.0012
19861107,0.001
19861114,0.001
19861121,0.001
19861128,0.001
19861205,0.0012
19861212,0.0012
19861219,0.0012
19861226,0.0012
19870102,0.001
19870109,0.001
19870116,0.001
19870123,0.001
19870130,0.001
19870206,0.0011
19870213,0.0011
19870220,0.0011
19870227,0.0011
19870306,0.0012
19870313,0.0012
19870320,0.0012
19870327,0.0012
19870403,0.0011
19870410,0.0011
19870416,0.0011
19870424,0.0011
19870501,0.0009
19870508,0.0009
19870515,0.0009
19870522,0.0009
19870529,0.0009
19870605,0.0012
19870612,0.0012
19870619,0.0012
19870626,0.0012
19870702,0.0011
19870710,0.0011
19870717,0.0011
19870724,0.0011
19870731,0.0011
19870807,0.0012
19870814,0.0012
19870821,0.0012
19870828,0.0012
19870904,0.0011
19870911,0.0011
19870918,0.0011
19870925,0.0011
19871002,0.0015
19871009,0.0015
19871016,0.0015
19871023,0.0015
19871030,0.0015
19871106,0.0009
19871113,0.0009
19871120,0.0009
19871127,0.0009
19871204,0.001
19871211,0.001
19871218,0.001
19871224,0.001
19871231,0.001
19880108,0.0007
19880115,0.0007
19880122,0.0007
19880129,0.0007
19880205,0.0011
19880212,0.0011
19880219,0.0011
19880226,0.0011
19880304,0.0011
19880311,0.0011
19880318,0.0011
19880325,0.0011
19880331,0.0011
19880408,0.0012
19880415,0.0012
19880422,0.0012
19880429,0.0012
19880506,0.0013
19880513,0.0013
19880520,0.0013
19880527,0.0013
19880603,0.0012
19880610,0.0012
19880617,0.0012
19880624,0.0012
19880701,0.0013
19880708,0.0013
19880715,0.0013
19880722,0.0013
19880729,0.0013
19880805,0.0015
19880812,0.0015
19880819,0.0015
19880826,0.0015
19880902,0.0015
19880909,0.0015
19880916,0.0015
19880923,0.0015
19880930,0.0015
19881007,0.0015
19881014,0.0015
19881021,0.0015
19881028,0.0015
19881104,0.0014
19881111,0.0014
19881118,0.0014
19881125,0.0014
19881202,0.0016
19881209,0.0016
19881216,0.0016
19881223,0.0016
19881230,0.0016
19890106,0.0014
19890113,0.0014
19890120,0.0014
19890127,0.0014
19890203,0.0015
19890210,0.0015
19890217,0.0015
19890224,0.0015
19890303,0.0017
19890310,0.0017
19890317,0.0017
19890323,0.0017
19890331,0.0017
19890407,0.0017
19890414,0.0017
19890421,0.0017
19890428,0.0017
19890505,0.002
19890512,0.002
19890519,0.002
19890526,0.002
19890602,0.0018
19890609,0.0018
19890616,0.0018
19890623,0.0018
19890630,0.0018
19890707,0.0017
19890714,0.0017
19890721,0.0017
19890728,0.0017
19890804,0.0018
19890811,0.0018
19890818,0.0018
19890825,0.0018
19890901,0.0016
19890908,0.0016
19890915,0.0016
19890922,0.0016
19890929,0.0016
19891006,0.0017
19891013,0.0017
19891020,0.0017
19891027,0.0017
19891103,0.0017
19891110,0.0017
19891117,0.0017
19891124,0.0017
19891201,0.0015
19891208,0.0015
19891215,0.0015
19891222,0.0015
19891229,0.0015
19900105,0.0014
19900112,0.0014
19900119,0.0014
19900126,0.0014
19900202,0.0014
19900209,0.0014
19900216,0.0014
19900223,0.0014
19900302,0.0016
19900309,0.0016
19900316,0.0016
19900323,0.0016
19900330,0.0016
19900406,0.0017
19900412,0.0017
19900420,0.0017
19900427,0.0017
19900504,0.0017
19900511,0.0017
19900518,0.0017
19900525,0.0017
19900601,0.0016
19900608,0.0016
19900615,0.0016
19900622,0.0016
19900629,0.0016
19900706,0.0017
19900713,0.0017
19900720,0.0017
19900727,0.0017
19900803,0.0016
19900810,0.0016
19900817,0.0016
19900824,0.0016
19900831,0.0016
19900907,0.0015
19900914,0.0015
19900921,0.0015
19900928,0.0015
19901005,0.0017
19901012,0.0017
19901019,0.0017
19901026,0.0017
19901102,0.0014
19901109,0.0014
19901116,0.0014
19901123,0.0014
19901130,0.0014
19901207,0.0015
19901214,0.0015
19901221,0.0015
19901228,0.0015
19910104,0.0013
19910111,0.0013
19910118,0.0013
19910125,0.0013
19910201,0.0012
19910208,0.0012
19910215,0.0012
19910222,0.0012
19910301,0.0011
19910308,0.0011
19910315,0.0011
19910322,0.0011
19910328,0.0011
19910405,0.0013
19910412,0.0013
19910419,0.0013
19910426,0.0013
19910503,0.0012
19910510,0.0012
19910517,0.0012
19910524,0.0012
19910531,0.0012
19910607,0.001
19910614,0.001
19910621,0.001
19910628,0.001
19910705,0.0012
19910712,0.0012
19910719,0.0012
19910726,0.0012
19910802,0.0012
19910809,0.0012
19910816,0.0012
19910823,0.0012
19910830,0.0012
19910906,0.0011
19910913,0.0011
19910920,0.0011
19910927,0.0011
19911004,0.0011
19911011,0.0011
19911018,0.0011
19911025,0.0011
19911101,0.001
19911108,0.001
19911115,0.001
19911122,0.001
19911129,0.001
19911206,0.0009
19911213,0.0009
19911220,0.0009
19911227,0.0009
19920103,0.0008
19920110,0.0008
19920117,0.0008
19920124,0.0008
19920131,0.0008
19920207,0.0007
19920214,0.0007
19920221,0.0007
19920228,0.0007
19920306,0.0008
19920313,0.0008
19920320,0.0008
19920327,0.0008
19920403,0.0008
19920410,0.0008
19920416,0.0008
19920424,0.0008
19920501,0.0007
19920508,0.0007
19920515,0.0007
19920522,0.0007
19920529,0.0007
19920605,0.0008
19920612,0.0008
19920619,0.0008
19920626,0.0008
19920702,0.0008
19920710,0.0008
19920717,0.0008
19920724,0.0008
19920731,0.0008
19920807,0.0007
19920814,0.0007
19920821,0.0007
19920828,0.0007
19920904,0.0006
19920911,0.0006
19920918,0.0006
19920925,0.0006
19921002,0.0006
19921009,0.0006
19921016,0.0006
19921023,0.0006
19921030,0.0006
19921106,0.0006
19921113,0.0006
19921120,0.0006
19921127,0.0006
19921204,0.0007
19921211,0.0007
19921218,0.0007
19921224,0.0007
19921231,0.0007
19930108,0.0006
19930115,0.0006
19930122,0.0006
19930129,0.0006
19930205,0.0006
19930212,0.0006
19930219,0.0006
19930226,0.0006
19930305,0.0006
19930312,0.0006
19930319,0.0006
19930326,0.0006
19930402,0.0006
19930408,0.0006
19930416,0.0006
19930423,0.0006
19930430,0.0006
19930507,0.0005
19930514,0.0005
19930521,0.0005
19930528,0.0005
19930604,0.0006
19930611,0.0006
19930618,0.0006
19930625,0.0006
19930702,0.0006
19930709,0.0006
19930716,0.0006
19930723,0.0006
19930730,0.0006
19930806,0.0006
19930813,0.0006
19930820,0.0006
19930827,0.0006
19930903,0.0006
19930910,0.0006
19930917,0.0006
19930924,0.0006
19931001,0.0006
19931008,0.0006
19931015,0.0006
19931022,0.0006
19931029,0.0006
19931105,0.0006
19931112,0.0006
19931119,0.0006
19931126,0.0006
19931203,0.0006
19931210,0.0006
19931217,0.0006
19931223,0.0006
19931231,0.0006
19940107,0.0006
19940114,0.0006
19940121,0.0006
19940128,0.0006
19940204,0.0005
19940211,0.0005
19940218,0.0005
19940225,0.0005
19940304,0.0007
19940311,0.0007
19940318,0.0007
19940325,0.0007
19940331,0.0007
19940408,0.0007
19940415,0.0007
19940422,0.0007
19940429,0.0007
19940506,0.0008
19940513,0.0008
19940520,0.0008
19940527,0.0008
19940603,0.0008
19940610,0.0008
19940617,0.0008
19940624,0.0008
19940701,0.0007
19940708,0.0007
19940715,0.0007
19940722,0.0007
19940729,0.0007
19940805,0.0009
19940812,0.0009
19940819,0.0009
19940826,0.0009
19940902,0.0009
19940909,0.0009
19940916,0.0009
19940923,0.0009
19940930,0.0009
19941007,0.001
19941014,0.001
19941021,0.001
19941028,0.001
19941104,0.0009
19941111,0.0009
19941118,0.0009
19941125,0.0009
19941202,0.0011
19941209,0.0011
19941216,0.0011
19941223,0.0011
19941230,0.0011
19950106,0.001
19950113,0.001
19950120,0.001
19950127,0.001
19950203,0.001
19950210,0.001
19950217,0.001
19950224,0.001
19950303,0.0012
19950310,0.0012
19950317,0.0012
19950324,0.0012
19950331,0.0012
19950407,0.0011
19950413,0.0011
19950421,0.0011
19950428,0.0011
19950505,0.0013
19950512,0.0013
19950519,0.0013
19950526,0.0013
19950602,0.0012
19950609,0.0012
19950616,0.0012
19950623,0.0012
19950630,0.0012
19950707,0.0011
19950714,0.0011
19950721,0.0011
19950728,0.0011
19950804,0.0012
19950811,0.0012
19950818,0.0012
19950825,0.0012
19950901,0.0011
19950908,0.0011
19950915,0.0011
19950922,0.0011
19950929,0.0011
19951006,0.0012
19951013,0.0012
19951020,0.0012
19951027,0.0012
19951103,0.001
19951110,0.001
19951117,0.001
19951124,0.001
19951201,0.0012
19951208,0.0012
19951215,0.0012
19951222,0.0012
19951229,0.0012
19960105,0.0011
19960112,0.0011
19960119,0.0011
19960126,0.0011
19960202,0.001
19960209,0.001
19960216,0.001
19960223,0.001
19960301,0.001
19960308,0.001
19960315,0.001
19960322,0.001
19960329,0.001
19960404,0.0011
19960412,0.0011
19960419,0.0011
19960426,0.0011
19960503,0.0011
19960510,0.0011
19960517,0.0011
19960524,0.0011
19960531,0.0011
19960607,0.001
19960614,0.001
19960621,0.001
19960628,0.001
19960705,0.0011
19960712,0.0011
19960719,0.0011
19960726,0.0011
19960802,0.001
19960809,0.001
19960816,0.001
19960823,0.001
19960830,0.001
19960906,0.0011
19960913,0.0011
19960920,0.0011
19960927,0.0011
19961004,0.0011
19961011,0.0011
19961018,0.0011
19961025,0.0011
19961101,0.001
19961108,0.001
19961115,0.001
19961122,0.001
19961129,0.001
19961206,0.0012
19961213,0.0012
19961220,0.0012
19961227,0.0012
19970103,0.0011
19970110,0.0011
19970117,0.0011
19970124,0.0011
19970131,0.0011
19970207,0.001
19970214,0.001
19970221,0.001
19970228,0.001
19970307,0.0011
19970314,0.0011
19970321,0.0011
19970327,0.0011
19970404,0.0011
19970411,0.0011
19970418,0.0011
19970425,0.0011
19970502,0.0012
19970509,0.0012
19970516,0.0012
19970523,0.0012
19970530,0.0012
19970606,0.0009
19970613,0.0009
19970620,0.0009
19970627,0.0009
19970703,0.0011
19970711,0.0011
19970718,0.0011
19970725,0.0011
19970801,0.001
19970808,0.001
19970815,0.001
19970822,0.001
19970829,0.001
19970905,0.0011
19970912,0.0011
19970919,0.0011
19970926,0.0011
19971003,0.0011
19971010,0.0011
19971017,0.0011
19971024,0.0011
19971031,0.0011
19971107,0.001
19971114,0.001
19971121,0.001
19971128,0.001
19971205,0.0012
19971212,0.0012
19971219,0.0012
19971226,0.0012
19980102,0.0011
19980109,0.0011
19980116,0.0011
19980123,0.0011
19980130,0.0011
19980206,0.001
19980213,0.001
19980220,0.001
19980227,0.001
19980306,0.001
19980313,0.001
19980320,0.001
19980327,0.001
19980403,0.0011
19980409,0.0011
19980417,0.0011
19980424,0.0011
19980501,0.001
19980508,0.001
19980515,0.001
19980522,0.001
19980529,0.001
19980605,0.001
19980612,0.001
19980619,0.001
19980626,0.001
19980702,0.001
19980710,0.001
19980717,0.001
19980724,0.001
19980731,0.001
19980807,0.0011
19980814,0.0011
19980821,0.0011
19980828,0.0011
19980904,0.0011
19980911,0.0011
19980918,0.0011
19980925,0.0011
19981002,0.0008
19981009,0.0008
19981016,0.0008
19981023,0.0008
19981030,0.0008
19981106,0.0008
19981113,0.0008
19981120,0.0008
19981127,0.0008
19981204,0.0009
19981211,0.0009
19981218,0.0009
19981224,0.0009
19981231,0.0009
19990108,0.0009
19990115,0.0009
19990122,0.0009
19990129,0.0009
19990205,0.0009
19990212,0.0009
19990219,0.0009
19990226,0.0009
19990305,0.0011
19990312,0.0011
19990319,0.0011
19990326,0.0011
19990401,0.0009
19990409,0.0009
19990416,0.0009
19990423,0.0009
19990430,0.0009
19990507,0.0008
19990514,0.0008
19990521,0.0008
19990528,0.0008
19990604,0.001
19990611,0.001
19990618,0.001
19990625,0.001
19990702,0.001
19990709,0.001
19990716,0.001
19990723,0.001
19990730,0.001
19990806,0.001
19990813,0.001
19990820,0.001
19990827,0.001
19990903,0.001
19990910,0.001
19990917,0.001
19990924,0.001
19991001,0.001
19991008,0.001
19991015,0.001
19991022,0.001
19991029,0.001
19991105,0.0009
19991112,0.0009
19991119,0.0009
19991126,0.0009
19991203,0.0011
19991210,0.0011
19991217,0.0011
19991223,0.0011
19991231,0.0011
20000107,0.001
20000114,0.001
20000121,0.001
20000128,0.001
20000204,0.0011
20000211,0.0011
20000218,0.0011
20000225,0.0011
20000303,0.0012
20000310,0.0012
20000317,0.0012
20000324,0.0012
20000331,0.0012
20000407,0.0011
20000414,0.0011
20000420,0.0011
20000428,0.0011
20000505,0.0013
20000512,0.0013
20000519,0.0013
20000526,0.0013
20000602,0.001
20000609,0.001
20000616,0.001
20000623,0.001
20000630,0.001
20000707,0.0012
20000714,0.0012
20000721,0.0012
20000728,0.0012
20000804,0.0013
20000811,0.0013
20000818,0.0013
20000825,0.0013
20000901,0.0013
20000908,0.0013
20000915,0.0013
20000922,0.0013
20000929,0.0013
20001006,0.0014
20001013,0.0014
20001020,0.0014
20001027,0.0014
20001103,0.0013
20001110,0.0013
20001117,0.0013
20001124,0.0013
20001201,0.0013
20001208,0.0013
20001215,0.0013
20001222,0.0013
20001229,0.0013
20010105,0.0013
20010112,0.0013
20010119,0.0013
20010126,0.0013
20010202,0.0009
20010209,0.0009
20010216,0.0009
20010223,0.0009
20010302,0.001
20010309,0.001
20010316,0.001
20010323,0.001
20010330,0.001
20010406,0.001
20010412,0.001
20010420,0.001
20010427,0.001
20010504,0.0008
20010511,0.0008
20010518,0.0008
20010525,0.0008
20010601,0.0007
20010608,0.0007
20010615,0.0007
20010622,0.0007
20010629,0.0007
20010706,0.0008
20010713,0.0008
20010720,0.0008
20010727,0.0008
20010803,0.0008
20010810,0.0008
20010817,0.0008
20010824,0.0008
20010831,0.0008
20010907,0.0007
20010910,0.0007
20010921,0.0007
20010928,0.0007
20011005,0.0006
20011012,0.0006
20011019,0.0006
20011026,0.0006
20011102,0.0004
20011109,0.0004
20011116,0.0004
20011123,0.0004
20011130,0.0004
20011207,0.0004
20011214,0.0004
20011221,0.0004
20011228,0.0004
20020104,0.0004
20020111,0.0004
20020118,0.0004
20020125,0.0004
20020201,0.0003
20020208,0.0003
20020215,0.0003
20020222,0.0003
20020301,0.0003
20020308,0.0003
20020315,0.0003
20020322,0.0003
20020328,0.0003
20020405,0.0004
20020412,0.0004
20020419,0.0004
20020426,0.0004
20020503,0.0004
20020510,0.0004
20020517,0.0004
20020524,0.0004
20020531,0.0004
20020607,0.0003
20020614,0.0003
20020621,0.0003
20020628,0.0003
20020705,0.0004
20020712,0.0004
20020719,0.0004
20020726,0.0004
20020802,0.0003
20020809,0.0003
20020816,0.0003
20020823,0.0003
20020830,0.0003
20020906,0.0004
20020913,0.0004
20020920,0.0004
20020927,0.0004
20021004,0.0003
20021011,0.0003
20021018,0.0003
20021025,0.0003
20021101,0.0003
20021108,0.0003
20021115,0.0003
20021122,0.0003
20021129,0.0003
20021206,0.0003
20021213,0.0003
20021220,0.0003
20021227,0.0003
20030103,0.0002
20030110,0.0002
20030117,0.0002
20030124,0.0002
20030131,0.0002
20030207,0.0002
20030214,0.0002
20030221,0.0002
20030228,0.0002
20030307,0.0003
20030314,0.0003
20030321,0.0003
20030328,0.0003
20030404,0.0002
20030411,0.0002
20030417,0.0002
20030425,0.0002
20030502,0.0002
20030509,0.0002
20030516,0.0002
20030523,0.0002
20030530,0.0002
20030606,0.0002
20030613,0.0002
20030620,0.0002
20030627,0.0002
20030703,0.0002
20030711,0.0002
20030718,0.0002
20030725,0.0002
20030801,0.0002
20030808,0.0002
20030815,0.0002
20030822,0.0002
20030829,0.0002
20030905,0.0002
20030912,0.0002
20030919,0.0002
20030926,0.0002
20031003,0.0002
20031010,0.0002
20031017,0.0002
20031024,0.0002
20031031,0.0002
20031107,0.0002
20031114,0.0002
20031121,0.0002
20031128,0.0002
20031205,0.0002
20031212,0.0002
20031219,0.0002
20031226,0.0002
20040102,0.0002
20040109,0.0002
20040116,0.0002
20040123,0.0002
20040130,0.0002
20040206,0.0002
20040213,0.0002
20040220,0.0002
20040227,0.0002
20040305,0.0002
20040312,0.0002
20040319,0.0002
20040326,0.0002
20040402,0.0002
20040408,0.0002
20040416,0.0002
20040423,0.0002
20040430,0.0002
20040507,0.0002
20040514,0.0002
20040521,0.0002
20040528,0.0002
20040604,0.0002
20040610,0.0002
20040618,0.0002
20040625,0.0002
20040702,0.0002
20040709,0.0002
20040716,0.0002
20040723,0.0002
20040730,0.0002
20040806,0.0003
20040813,0.0003
20040820,0.0003
20040827,0.0003
20040903,0.0003
20040910,0.0003
20040917,0.0003
20040924,0.0003
20041001,0.0003
20041008,0.0003
20041015,0.0003
20041022,0.0003
20041029,0.0003
20041105,0.0004
20041112,0.0004
20041119,0.0004
20041126,0.0004
20041203,0.0004
20041210,0.0004
20041217,0.0004
20041223,0.0004
20041231,0.0004
20050107,0.0004
20050114,0.0004
20050121,0.0004
20050128,0.0004
20050204,0.0004
20050211,0.0004
20050218,0.0004
20050225,0.0004
20050304,0.0005
20050311,0.0005
20050318,0.0005
20050324,0.0005
20050401,0.0005
20050408,0.0005
20050415,0.0005
20050422,0.0005
20050429,0.0005
20050506,0.0006
20050513,0.0006
20050520,0.0006
20050527,0.0006
20050603,0.0006
20050610,0.0006
20050617,0.0006
20050624,0.0006
20050701,0.0006
20050708,0.0006
20050715,0.0006
20050722,0.0006
20050729,0.0006
20050805,0.0008
20050812,0.0008
20050819,0.0008
20050826,0.0008
20050902,0.0007
20050909,0.0007
20050916,0.0007
20050923,0.0007
20050930,0.0007
20051007,0.0007
20051014,0.0007
20051021,0.0007
20051028,0.0007
20051104,0.0008
20051111,0.0008
20051118,0.0008
20051125,0.0008
20051202,0.0008
20051209,0.0008
20051216,0.0008
20051223,0.0008
20051230,0.0008
20060106,0.0009
20060113,0.0009
20060120,0.0009
20060127,0.0009
20060203,0.0008
20060210,0.0008
20060217,0.0008
20060224,0.0008
20060303,0.0009
20060310,0.0009
20060317,0.0009
20060324,0.0009
20060331,0.0009
20060407,0.0009
20060413,0.0009
20060421,0.0009
20060428,0.0009
20060505,0.0011
20060512,0.0011
20060519,0.0011
20060526,0.0011
20060602,0.001
20060609,0.001
20060616,0.001
20060623,0.001
20060630,0.001
20060707,0.001
20060714,0.001
20060721,0.001
20060728,0.001
20060804,0.0011
20060811,0.0011
20060818,0.0011
20060825,0.0011
20060901,0.001
20060908,0.001
20060915,0.001
20060922,0.001
20060929,0.001
20061006,0.001
20061013,0.001
20061020,0.001
20061027,0.001
20061103,0.0011
20061110,0.0011
20061117,0.0011
20061124,0.0011
20061201,0.001
20061208,0.001
20061215,0.001
20061222,0.001
20061229,0.001
20070105,0.0011
20070112,0.0011
20070119,0.0011
20070126,0.0011
20070202,0.001
20070209,0.001
20070216,0.001
20070223,0.001
20070302,0.0011
20070309,0.0011
20070316,0.0011
20070323,0.0011
20070330,0.0011
20070405,0.0011
20070413,0.0011
20070420,0.0011
20070427,0.0011
20070504,0.001
20070511,0.001
20070518,0.001
20070525,0.001
20070601,0.001
20070608,0.001
20070615,0.001
20070622,0.001
20070629,0.001
20070706,0.001
20070713,0.001
20070720,0.001
20070727,0.001
20070803,0.001
20070810,0.001
20070817,0.001
20070824,0.001
20070831,0.001
20070907,0.0008
20070914,0.0008
20070921,0.0008
20070928,0.0008
20071005,0.0008
20071012,0.0008
20071019,0.0008
20071026,0.0008
20071102,0.0009
20071109,0.0009
20071116,0.0009
20071123,0.0009
20071130,0.0009
20071207,0.0007
20071214,0.0007
20071221,0.0007
20071228,0.0007
20080104,0.0005
20080111,0.0005
20080118,0.0005
20080125,0.0005
20080201,0.0003
20080208,0.0003
20080215,0.0003
20080222,0.0003
20080229,0.0003
20080307,0.0004
20080314,0.0004
20080320,0.0004
20080328,0.0004
20080404,0.0004
20080411,0.0004
20080418,0.0004
20080425,0.0004
20080502,0.0004
20080509,0.0004
20080516,0.0004
20080523,0.0004
20080530,0.0004
20080606,0.0004
20080613,0.0004
20080620,0.0004
20080627,0.0004
20080703,0.0004
20080711,0.0004
20080718,0.0004
20080725,0.0004
20080801,0.0003
20080808,0.0003
20080815,0.0003
20080822,0.0003
20080829,0.0003
20080905,0.0004
20080912,0.0004
20080919,0.0004
20080926,0.0004
20081003,0.0002
20081010,0.0002
20081017,0.0002
20081024,0.0002
20081031,0.0002
20081107,0.0001
20081114,0.0001
20081121,0.0001
20081128,0.0001
20081205,0
20081212,0
20081219,0
20081226,0
20090102,0
20090109,0
20090116,0
20090123,0
20090130,0
20090206,0
20090213,0
20090220,0
20090227,0
20090306,0
20090313,0
20090320,0
20090327,0
20090403,0
20090409,0
20090417,0
20090424,0
20090501,0
20090508,0
20090515,0
20090522,0
20090529,0
20090605,0
20090612,0
20090619,0
20090626,0
20090702,0
20090710,0
20090717,0
20090724,0
20090731,0
20090807,0
20090814,0
20090821,0
20090828,0
20090904,0
20090911,0
20090918,0
20090925,0
20091002,0
20091009,0
20091016,0
20091023,0
20091030,0
20091106,0
20091113,0
20091120,0
20091127,0
20091204,0
20091211,0
20091218,0
20091224,0
20091231,0
20100108,0
20100115,0
20100122,0
20100129,0
20100205,0
20100212,0
20100219,0
20100226,0
20100305,0
20100312,0
20100319,0
20100326,0
20100401,0
20100409,0
20100416,0
20100423,0
20100430,0
20100507,0
20100514,0
20100521,0
20100528,0
20100604,0
20100611,0
20100618,0
20100625,0
20100702,0
20100709,0
20100716,0
20100723,0
20100730,0
20100806,0
20100813,0
20100820,0
20100827,0
20100903,0
20100910,0
20100917,0
20100924,0
20101001,0
20101008,0
20101015,0
20101022,0
20101029,0
20101105,0
20101112,0
20101119,0
20101126,0
20101203,0
20101210,0
20101217,0
20101223,0
20101231,0
20110107,0
20110114,0
20110121,0
20110128,0
20110204,0
20110211,0
20110218,0
20110225,0
20110304,0
20110311,0
20110318,0
20110325,0
20110401,0
20110408,0
20110415,0
20110421,0
20110429,0
20110506,0
20110513,0
20110520,0
20110527,0
20110603,0
20110610,0
20110617,0
20110624,0
20110701,0
20110708,0
20110715,0
20110722,0
20110729,0
20110805,0
20110812,0
20110819,0
20110826,0
20110902,0
20110909,0
20110916,0
20110923,0
20110930,0
20111007,0
20111014,0
20111021,0
20111028,0
20111104,0
20111111,0
20111118,0
20111125,0
20111202,0
20111209,0
20111216,0
20111223,0
20111230,0
20120106,0
20120113,0
20120120,0
20120127,0
20120203,0
20120210,0
20120217,0
20120224,0
20120302,0
20120309,0
20120316,0
20120323,0
20120330,0
20120405,0
20120413,0
20120420,0
20120427,0
20120504,0
20120511,0
20120518,0
20120525,0
20120601,0
20120608,0
20120615,0
20120622,0
20120629,0
20120706,0
20120713,0
20120720,0
20120727,0
20120803,0
20120810,0
20120817,0
20120824,0
20120831,0
20120907,0
20120914,0
20120921,0
20120928,0
20121005,0
20121012,0
20121019,0
20121026,0
20121102,0
20121109,0
20121116,0
20121123,0
20121130,0
20121207,0
20121214,0
20121221,0
20121228,0
20130104,0
20130111,0
20130118,0
20130125,0
20130201,0
20130208,0
20130215,0
20130222,0
20130301,0
20130308,0
20130315,0
20130322,0
20130328,0
20130405,0
20130412,0
20130419,0
20130426,0
20130503,0
20130510,0
20130517,0
20130524,0
20130531,0
20130607,0
20130614,0
20130621,0
20130628,0
20130705,0
20130712,0
20130719,0
20130726,0
20130802,0
20130809,0
20130816,0
20130823,0
20130830,0
20130906,0
20130913,0
20130920,0
20130927,0
20131004,0
20131011,0
20131018,0
20131025,0
20131101,0
20131108,0
20131115,0
20131122,0
20131129,0
20131206,0
20131213,0
20131220,0
20131227,0
20140103,0
20140110,0
20140117,0
20140124,0
20140131,0
20140207,0
20140214,0
20140221,0
20140228,0
20140307,0
20140314,0
20140321,0
20140328,0
20140404,0
20140411,0
20140417,0
20140425,0
20140502,0
20140509,0
20140516,0
20140523,0
20140530,0
20140606,0
20140613,0
20140620,0
20140627,0
20140703,0
20140711,0
20140718,0
20140725,0
20140801,0
20140808,0
20140815,0
20140822,0
20140829,0
20140905,0
20140912,0
20140919,0
20140926,0
20141003,0
20141010,0
20141017,0
20141024,0
20141031,0
20141107,0
20141114,0
20141121,0
20141128,0
20141205,0
20141212,0
20141219,0
20141226,0
20150102,0
20150109,0
20150116,0
20150123,0
20150130,0
20150206,0
20150213,0
20150220,0
20150227,0
20150306,0
20150313,0
20150320,0
20150327,0
20150402,0
20150410,0
20150417,0
20150424,0
20150501,0
20150508,0
20150515,0
20150522,0
20150529,0
20150605,0
20150612,0
20150619,0
20150626,0
20150702,0
20150710,0
20150717,0
20150724,0
20150731,0
20150807,0
20150814,0
20150821,0
20150828,0
20150904,0
20150911,0
20150918,0
20150925,0
20151002,0
20151009,0
20151016,0
20151023,0
20151030,0
20151106,0
20151113,0
20151120,0
20151127,0
20151204,0
20151211,0
20151218,0
20151224,0
20151231,0
20160108,0
20160115,0
20160122,0
20160129,0
20160205,0.0001
20160212,0.0001
20160219,0.0001
20160226,0.0001
20160304,0.0001
20160311,0.0001
20160318,0.0001
20160324,0.0001
20160401,0
20160408,0
20160415,0
20160422,0
20160429,0
20160506,0
20160513,0
20160520,0
20160527,0
20160603,0
20160610,0
20160617,0
20160624,0
20160701,0
20160708,0
20160715,0
20160722,0
20160729,0
20160805,0
20160812,0
20160819,0
20160826,0
20160902,0.0001
20160909,0.0001
20160916,0.0001
20160923,0.0001
20160930,0.0001
20161007,0
20161014,0
20161021,0
20161028,0
20161104,0
20161111,0
20161118,0
20161125,0
20161202,0.0001
20161209,0.0001
20161216,0.0001
20161223,0.0001
20161230,0.0001
20170106,0.0001
20170113,0.0001
20170120,0.0001
20170127,0.0001
20170203,0.0001
20170210,0.0001
20170217,0.0001
20170224,0.0001
20170303,0.0001
20170310,0.0001
20170317,0.0001
20170324,0.0001
20170331,0.0001
20170407,0.0001
20170413,0.0001
20170421,0.0001
20170428,0.0001
20170505,0.0002
20170512,0.0002
20170519,0.0002
20170526,0.0002
20170602,0.0002
20170609,0.0002
20170616,0.0002
20170623,0.0002
20170630,0.0002
20170707,0.0002
20170714,0.0002
20170721,0.0002
20170728,0.0002
20170804,0.0002
20170811,0.0002
20170818,0.0002
20170825,0.0002
20170901,0.0002
20170908,0.0002
20170915,0.0002
20170922,0.0002
20170929,0.0002
20171006,0.0002
20171013,0.0002
20171020,0.0002
20171027,0.0002
20171103,0.0002
20171110,0.0002
20171117,0.0002
20171124,0.0002
20171201,0.0002
20171208,0.0002
20171215,0.0002
20171222,0.0002
20171229,0.0002
20180105,0.0003
20180112,0.0003
20180119,0.0003
20180126,0.0003
20180202,0.0003
20180209,0.0003
20180216,0.0003
20180223,0.0003
20180302,0.0003
20180309,0.0003
20180316,0.0003
20180323,0.0003
20180329,0.0003
20180406,0.0004
20180413,0.0004
20180420,0.0004
20180427,0.0004
20180504,0.0004
20180511,0.0004
20180518,0.0004
20180525,0.0004
20180601,0.0003
20180608,0.0003
20180615,0.0003
20180622,0.0003
20180629,0.0003
20180706,0.0004
20180713,0.0004
20180720,0.0004
20180727,0.0004
20180803,0.0004
20180810,0.0004
20180817,0.0004
20180824,0.0004
20180831,0.0004
20180907,0.0004
20180914,0.0004
20180921,0.0004
20180928,0.0004
20181005,0.0005
20181012,0.0005
20181019,0.0005
20181026,0.0005
20181102,0.0004
20181109,0.0004
20181116,0.0004
20181123,0.0004
20181130,0.0004
20181207,0.0005
20181214,0.0005
20181221,0.0005
20181228,0.0005
20190104,0.0005
20190111,0.0005
20190118,0.0005
20190125,0.0005
20190201,0.0005
20190208,0.0005
20190215,0.0005
20190222,0.0005
20190301,0.0005
20190308,0.0005
20190315,0.0005
20190322,0.0005
20190329,0.0005
20190405,0.0005
20190412,0.0005
20190418,0.0005
20190426,0.0005
20190503,0.0005
20190510,0.0005
20190517,0.0005
20190524,0.0005
20190531,0.0005
20190607,0.0004
20190614,0.0004
20190621,0.0004
20190628,0.0004
20190705,0.0005
20190712,0.0005
20190719,0.0005
20190726,0.0005
20190802,0.0004
20190809,0.0004
20190816,0.0004
20190823,0.0004
20190830,0.0004
20190906,0.0004
20190913,0.0004
20190920,0.0004
20190927,0.0004
20191004,0.0004
20191011,0.0004
20191018,0.0004
20191025,0.0004
20191101,0.0003
20191108,0.0003
20191115,0.0003
20191122,0.0003
20191129,0.0003
20191206,0.0003
20191213,0.0003
20191220,0.0003
20191227,0.0003
20200103,0.0003
20200110,0.0003
20200117,0.0003
20200124,0.0003
20200131,0.0003
20200207,0.0003
20200214,0.0003
20200221,0.0003
20200228,0.0003
20200306,0.0003
20200313,0.0003
20200320,0.0003
20200327,0.0003
20200403,0
20200409,0
20200417,0
20200424,0
20200501,0
20200508,0
20200515,0
20200522,0
20200529,0
20200605,0
20200612,0
20200619,0
20200626,0
20200702,0
20200710,0
20200717,0
20200724,0
20200731,0
20200807,0
20200814,0
20200821,0
20200828,0
20200904,0
20200911,0
20200918,0
20200925,0
20201002,0
20201009,0
20201016,0
20201023,0
20201030,0
20201106,0
20201113,0
20201120,0
20201127,0
20201204,0
20201211,0
20201218,0
20201224,0
20201231,0
20210108,0
20210115,0
20210122,0
20210129,0
20210205,0
20210212,0
20210219,0
20210226,0
20210305,0
20210312,0
20210319,0
20210326,0
20210401,0
20210409,0
20210416,0
20210423,0
20210430,0
20210507,0
20210514,0
20210521,0
20210528,0
20210604,0
20210611,0
20210618,0
20210625,0
20210702,0
20210709,0
20210716,0
20210723,0
20210730,0
20210806,0
20210813,0
20210820,0
20210827,0
20210903,0
20210910,0
20210917,0
20210924,0
20211001,0
20211008,0
20211015,0
20211022,0
20211029,0
20211105,0
20211112,0
20211119,0
20211126,0
20211203,0
20211210,0
20211217,0
20211223,0
20211231,0
20220107,0
20220114,0
20220121,0
20220128,0
20220204,0
20220211,0
20220218,0
20220225,0
20220304,0
20220311,0
20220318,0
20220325,0
20220401,0
20220408,0
20220414,0
20220422,0
20220429,0
20220506,0.0001
20220513,0.0001
20220520,0.0001
20220527,0.0001
20220603,0.0001
20220610,0.0001
20220617,0.0001
20220624,0.0001
20220701,0.0002
20220708,0.0002
20220715,0.0002
20220722,0.0002
20220729,0.0002
20220805,0.0005
20220812,0.0005
20220819,0.0005
20220826,0.0005
20220902,0.0005
20220909,0.0005
20220916,0.0005
20220923,0.0005
20220930,0.0005
20221007,0.0006
20221014,0.0006
20221021,0.0006
20221028,0.0006
20221104,0.0007
20221111,0.0007
20221118,0.0007
20221125,0.0007
20221202,0.0008
20221209,0.0008
20221216,0.0008
20221223,0.0008
20221230,0.0008
20230106,0.0009
20230113,0.0009
20230120,0.0009
20230127,0.0009
20230203,0.0009
20230210,0.0009
20230217,0.0009
20230224,0.0009
20230303,0.0009
20230310,0.0009
20230317,0.0009
20230324,0.0009
20230331,0.0009
20230406,0.0009
20230414,0.0009
20230421,0.0009
20230428,0.0009
20230505,0.0009
20230512,0.0009
20230519,0.0009
20230526,0.0009
20230602,0.001
20230609,0.001
20230616,0.001
20230623,0.001
20230630,0.001
20230707,0.0011
20230714,0.0011
20230721,0.0011
20230728,0.0011
20230804,0.0011
20230811,0.0011
20230818,0.0011
20230825,0.0011
20230901,0.0011
20230908,0.0011
20230915,0.0011
20230922,0.0011
20230929,0.0011
20231006,0.0012
20231013,0.0012
20231020,0.0012
20231027,0.0012
20231103,0.0011
20231110,0.0011
20231117,0.0011
20231124,0.0011
20231201,0.0011
20231208,0.0011
20231215,0.0011
20231222,0.0011
20231229,0.0011
20240105,0.0012
20240112,0.0012
20240119,0.0012
20240126,0.0012
20240202,0.0011
20240209,0.0011
20240216,0.0011
20240223,0.0011
20240301,0.0011
20240308,0.0011
20240315,0.0011
20240322,0.0011
20240328,0.0011
20240405,0.0012
20240412,0.0012
20240419,0.0012
20240426,0.0012
20240503,0.0011
20240510,0.0011
20240517,0.0011
20240524,0.0011
20240531,0.0011
20240607,0.001
20240614,0.001
20240621,0.001
20240628,0.001
20240705,0.0011
20240712,0.0011
20240719,0.0011
20240726,0.0011
20240802,0.0012
20240809,0.0012
20240816,0.0012
20240823,0.0012
20240830,0.0012
20240906,0.001
20240913,0.001
20240920,0.001
20240927,0.001
20241004,0.001
20241011,0.001
20241018,0.001
20241025,0.001
20241101,0.001
20241108,0.001
20241115,0.001
20241122,0.001
20241129,0.001
20241206,0.0009
20241213,0.0009
20241220,0.0009
20241227,0.0009
20250103,0.0009
20250110,0.0009
20250117,0.0009
20250124,0.0009
20250131,0.0009
20250207,0.0008
20250214,0.0008
20250221,0.0008
20250228,0.0008
20250307,0.0009
20250314,0.0009
20250321,0.0009
20250328,0.0009
20250404,0.0009
20250411,0.0009
20250417,0.0009
20250425,0.0009
20250502,0.0009
20250509,0.0009
20250516,0.0009
20250523,0.0009
20250530,0.0009
20250606,0.0008
20250613,0.0008
20250620,0.0008
20250627,0.0008
20250703,0.0009
20250711,0.0009
20250718,0.0009
20250725,0.0009
20250801,0.0009
20250808,0.0009
20250815,0.0009
20250822,0.0009
20250829,0.0009
20250905,0.0008
20250912,0.0008
20250919,0.0008
20250926,0.0008
20251003,0.0009
20251010,0.0009
20251017,0.0009
20251024,0.0009
20251031,0.0009
20251107,0.0007
20251114,0.0007
20251121,0.0007
20251128,0.0007
20251205,0.0008
20251212,0.0008
20251219,0.0008
20251226,0.0008
20260102,0.0008
20260109,0.0008
20260116,0.0008
20260123,0.0008
20260130,0.0008
20260206,0.0007
20260213,0.0007
20260220,0.0007
20260227,0.0007